-- MySQL dump 10.13  Distrib 8.0.35, for Linux (x86_64)
--
-- Host: localhost    Database: windblowersdb
-- ------------------------------------------------------
-- Server version       8.0.35-0ubuntu0.23.04.1

/*!40101 SET @OLD_CHARACTER_SET_CLIENT=@@CHARACTER_SET_CLIENT */;
/*!40101 SET @OLD_CHARACTER_SET_RESULTS=@@CHARACTER_SET_RESULTS */;
/*!40101 SET @OLD_COLLATION_CONNECTION=@@COLLATION_CONNECTION */;
/*!50503 SET NAMES utf8mb4 */;
/*!40103 SET @OLD_TIME_ZONE=@@TIME_ZONE */;
/*!40103 SET TIME_ZONE='+00:00' */;
/*!40014 SET @OLD_UNIQUE_CHECKS=@@UNIQUE_CHECKS, UNIQUE_CHECKS=0 */;
/*!40014 SET @OLD_FOREIGN_KEY_CHECKS=@@FOREIGN_KEY_CHECKS, FOREIGN_KEY_CHECKS=0 */;
/*!40101 SET @OLD_SQL_MODE=@@SQL_MODE, SQL_MODE='NO_AUTO_VALUE_ON_ZERO' */;
/*!40111 SET @OLD_SQL_NOTES=@@SQL_NOTES, SQL_NOTES=0 */;

--
-- Table structure for table `authentication`
--

DROP TABLE IF EXISTS `authentication`;
/*!40101 SET @saved_cs_client     = @@character_set_client */;
/*!50503 SET character_set_client = utf8mb4 */;
CREATE TABLE `authentication` (
  `id` int NOT NULL AUTO_INCREMENT,
  `username` varchar(50) NOT NULL,
  `password` varchar(255) NOT NULL,
  PRIMARY KEY (`id`)
) ENGINE=InnoDB AUTO_INCREMENT=2 DEFAULT CHARSET=utf8mb4 COLLATE=utf8mb4_general_ci;
/*!40101 SET character_set_client = @saved_cs_client */;

--
-- Dumping data for table `authentication`
--

LOCK TABLES `authentication` WRITE;
/*!40000 ALTER TABLE `authentication` DISABLE KEYS */;
INSERT INTO `authentication` VALUES (1,'user','$2a$10$CwTycUXWue0Thq9StjUM0urm5Mru2NV1CIgtQWvkxzEoco5RdZ6.q');
/*!40000 ALTER TABLE `authentication` ENABLE KEYS */;
UNLOCK TABLES;

--
-- Table structure for table `calendar_events`
--

DROP TABLE IF EXISTS `calendar_events`;
/*!40101 SET @saved_cs_client     = @@character_set_client */;
/*!50503 SET character_set_client = utf8mb4 */;
CREATE TABLE `calendar_events` (
  `id` int NOT NULL AUTO_INCREMENT,
  `repair_id` int NOT NULL,
  `title` varchar(50) CHARACTER SET utf8mb4 COLLATE utf8mb4_general_ci NOT NULL,
  `color` varchar(10) CHARACTER SET utf8mb4 COLLATE utf8mb4_general_ci NOT NULL,
  `time` int NOT NULL,
  `start` varchar(20) CHARACTER SET utf8mb4 COLLATE utf8mb4_general_ci NOT NULL,
  `end` varchar(20) CHARACTER SET utf8mb4 COLLATE utf8mb4_general_ci NOT NULL,
  `priority` int DEFAULT '0',
  PRIMARY KEY (`id`)
) ENGINE=InnoDB AUTO_INCREMENT=502 DEFAULT CHARSET=utf8mb4 COLLATE=utf8mb4_general_ci;
/*!40101 SET character_set_client = @saved_cs_client */;

--
-- Dumping data for table `calendar_events`
--

LOCK TABLES `calendar_events` WRITE;
/*!40000 ALTER TABLE `calendar_events` DISABLE KEYS */;
INSERT INTO `calendar_events` VALUES (108,61,'Te. 2334001 2 Hr 0 Mins','gray',120,'2023-09-08','2023-09-09',0),(109,62,'A . 2334002 7 Hr 0 Mins','gray',420,'2023-09-19','2023-09-20',0),(110,63,'B♭. 2334003 6 Hr 0 Mins','gray',360,'2023-09-13','2023-09-14',0),(111,64,'Al. 2334004 2 Hr 0 Mins','gray',120,'2023-09-22','2023-09-23',0),(112,65,'B♭. 2334005 7 Hr 0 Mins','gray',420,'2023-09-27','2023-09-28',0),(113,66,'B♭. 2334006 4 Hr 0 Mins','gray',240,'2023-09-28','2023-09-29',0),(114,67,'B♭. 2334007 4 Hr 0 Mins','gray',240,'2023-09-01','2023-09-02',0),(115,68,'Al. 2334008 2 Hr 0 Mins','gray',120,'2023-08-26','2023-08-27',0),(116,69,'Al. 2334009 2 Hr 0 Mins','gray',120,'2023-09-08','2023-09-09',0),(118,71,'B♭. 2334011 4 Hr 0 Mins','gray',240,'2023-09-20','2023-09-21',0),(119,72,'B♭. 2334012 5 Hr 0 Mins','gray',300,'2023-09-14','2023-09-15',0),(120,73,'Co. 2334013 1 Hr 0 Mins','gray',60,'2023-08-30','2023-08-31',0),(121,73,'Co. 2334013 1 Hr 0 Mins','gray',60,'2023-08-31','2023-09-01',0),(122,74,'Co. 2334014 2 Hr 0 Mins','gray',120,'2023-08-29','2023-08-30',0),(124,76,'Ba. 2334016 4 Hr 0 Mins','gray',240,'2023-09-15','2023-09-16',0),(125,77,'Ba. 2334017 3 Hr 0 Mins','gray',180,'2023-09-15','2023-09-16',0),(126,78,'Ba. 2334018 5 Hr 0 Mins','gray',300,'2023-08-29','2023-08-30',0),(127,78,'Ba. 2334018 6 Hr 0 Mins','gray',360,'2023-08-30','2023-08-31',0),(128,78,'Ba. 2334018 6 Hr 0 Mins','gray',360,'2023-08-31','2023-09-01',0),(129,79,'Te. 2334019 3 Hr 0 Mins','gray',180,'2023-09-12','2023-09-13',0),(131,80,'Te. 2334020 3 Hr 0 Mins','gray',180,'2023-09-06','2023-09-07',0),(132,80,'Te. 2334020 4 Hr 0 Mins','gray',240,'2023-09-07','2023-09-08',0),(133,81,'Co. 2334021 3 Hr 0 Mins','gray',180,'2023-09-01','2023-09-02',0),(135,83,'Ob. 2334023 3 Hr 0 Mins','gray',180,'2023-09-06','2023-09-07',0),(136,84,'Co. 2334024 3 Hr 0 Mins','gray',180,'2023-09-08','2023-09-09',0),(137,85,'Co. 2334025 2 Hr 0 Mins','gray',120,'2023-09-14','2023-09-15',0),(138,86,'Co. 2334026 2 Hr 0 Mins','gray',120,'2023-09-20','2023-09-21',0),(139,87,'Co. 2334027 3 Hr 0 Mins','gray',180,'2023-09-22','2023-09-23',0),(141,89,'Co. 2334029 3 Hr 0 Mins','gray',180,'2023-09-26','2023-09-27',0),(142,90,'B♭. 2334030 1 Hr 0 Mins','gray',60,'2023-09-26','2023-09-27',0),(143,90,'B♭. 2334030 3 Hr 0 Mins','gray',180,'2023-09-28','2023-09-29',0),(145,92,'Te. 2334032 7 Hr 0 Mins','orange',420,'2023-09-21','2023-09-22',0),(146,93,'Te. 2334033 7 Hr 0 Mins','gray',420,'2023-10-05','2023-10-06',0),(149,96,'Al. 2334036 3 Hr 0 Mins','gray',180,'2023-09-26','2023-09-27',0),(152,101,'Al. 2335002 6 Hr 0 Mins','gray',360,'2023-10-11','2023-10-12',0),(153,102,'Al. 2335003 5 Hr 0 Mins','gray',300,'2023-09-29','2023-09-30',0),(154,103,'B♭. 2335004 1 Hr 0 Mins','gray',60,'2023-09-06','2023-09-07',0),(155,104,'Al. 2335005 4 Hr 0 Mins','gray',240,'2023-09-12','2023-09-13',0),(158,82,'Ob. 2334022 7 Hr 0 Mins','gray',420,'2023-09-05','2023-09-06',0),(160,91,'Co. 2334031 5 Hr 0 Mins','gray',300,'2023-10-03','2023-10-04',0),(162,112,'Al. 2336001 1 Hr 30 Mins','gray',90,'2023-09-22','2023-09-23',0),(165,95,'Fl. 2334035 3 Hr 0 Mins','gray',180,'2023-10-04','2023-10-05',0),(167,113,'Al. 2336002 1 Hr 0 Mins','gray',60,'2023-09-09','2023-09-10',0),(168,114,'Fl. 2336003 5 Hr 0 Mins','gray',300,'2023-10-10','2023-10-11',0),(169,115,'Al. 2336004 1 Hr 0 Mins','gray',60,'2023-09-14','2023-09-15',0),(170,116,'Ba. 2337001 8 Hr 0 Mins','gray',480,'2023-10-19','2023-10-20',0),(171,117,'B♭. 2337002 4 Hr 0 Mins','gray',240,'2023-10-13','2023-10-14',0),(172,118,'Al. 2337003 1 Hr 0 Mins','gray',60,'2023-09-13','2023-09-14',0),(174,94,'B♭. 2334034 7 Hr 0 Mins','gray',420,'2023-10-03','2023-10-05',0),(175,119,'Fl. 2337004 3 Hr 0 Mins','gray',180,'2023-10-31','2023-11-01',0),(176,120,'So. 2337005 1 Hr 0 Mins','gray',60,'2023-09-20','2023-09-21',0),(177,121,'Fl. 2337006 1 Hr 0 Mins','gray',60,'2023-09-16','2023-09-17',0),(178,122,'B♭. 2337007 3 Hr 0 Mins','orange',180,'2023-10-24','2023-10-25',0),(179,123,'B♭. 2337008 4 Hr 0 Mins','gray',240,'2023-10-12','2023-10-13',0),(180,124,'B♭. 2338001 1 Hr 0 Mins','gray',60,'2023-10-10','2023-10-11',0),(181,125,'B♭. 2338002 1 Hr 0 Mins','gray',60,'2023-09-29','2023-09-30',0),(182,126,'Ob. 2338003 2 Hr 30 Mins','gray',150,'2023-10-17','2023-10-18',0),(183,127,'Ob. 2338004 3 Hr 0 Mins','gray',180,'2023-10-17','2023-10-18',0),(184,128,'B♭. 2338005 1 Hr 0 Mins','orange',60,'2023-09-29','2023-09-30',0),(185,129,'Fl. 2338006 2 Hr 0 Mins','gray',120,'2023-10-12','2023-10-13',0),(186,130,'Pi. 2338007 1 Hr 30 Mins','gray',90,'2023-09-23','2023-09-24',0),(187,131,'Te. 2338008 8 Hr 0 Mins','gray',480,'2023-10-18','2023-10-19',0),(188,132,'Al. 2338009 2 Hr 0 Mins','gray',120,'2023-10-25','2023-10-26',0),(189,75,'Co. 2334015 2 Hr 0 Mins','orange',120,'2023-09-07','2023-09-08',0),(190,134,'Al. 2339002 1 Hr 30 Mins','gray',90,'2023-11-08','2023-11-09',0),(193,135,'B♭. 2339003 1 Hr 0 Mins','gray',60,'2023-11-01','2023-11-02',0),(194,133,'Ba. 2339001 4 Hr 0 Mins','gray',240,'2023-11-01','2023-11-02',0),(195,137,'Te. 2339005 3 Hr 0 Mins','gray',180,'2023-10-27','2023-10-28',0),(196,136,'Al. 2339004 3 Hr 0 Mins','gray',180,'2023-10-27','2023-10-28',0),(197,138,'Fl. 2339006 2 Hr 0 Mins','gray',120,'2023-10-13','2023-10-14',0),(198,139,'B♭. 2339007 3 Hr 0 Mins','gray',180,'2023-10-24','2023-10-25',0),(199,140,'So. 2340001 1 Hr 0 Mins','gray',60,'2023-10-17','2023-10-18',0),(202,95,'Fl. 2334035 1 Hr 0 Mins','gray',60,'2023-10-04','2023-10-05',0),(203,142,'Al. 2340003 7 Hr 0 Mins','gray',420,'2023-11-09','2023-11-10',0),(204,143,'Fl. 2340004 2 Hr 0 Mins','gray',120,'2023-10-20','2023-10-21',0),(205,144,'Pi. 2340005 5 Hr 0 Mins','gray',300,'2023-10-20','2023-10-21',0),(206,145,'B♭. 2340006 1 Hr 0 Mins','gray',60,'2023-10-11','2023-10-12',0),(207,88,'Te. 2334028 7 Hr 0 Mins','gray',420,'2023-11-14','2023-11-15',0),(208,146,'Al. 2341001 7 Hr 0 Mins','orange',420,'2023-11-16','2023-11-17',0),(209,147,'Al. 2341002 3 Hr 0 Mins','gray',180,'2023-10-25','2023-10-26',0),(210,148,'Al. 2341003 3 Hr 0 Mins','gray',180,'2023-11-02','2023-11-03',0),(211,149,'Fl. 2341004 2 Hr 30 Mins','gray',150,'2023-11-07','2023-11-08',0),(212,150,'Te. 2341005 2 Hr 0 Mins','gray',120,'2023-10-26','2023-10-27',0),(213,101,'Al. 2335002 1 Hr 0 Mins','gray',60,'2023-10-12','2023-10-13',0),(214,151,'B♭. 2341006 4 Hr 0 Mins','gray',240,'2023-11-03','2023-11-04',0),(215,152,'B♭. 2341007 1 Hr 30 Mins','gray',90,'2023-10-26','2023-10-27',0),(216,154,'Te. 2341008 2 Hr 0 Mins','gray',120,'2023-10-31','2023-11-01',0),(217,155,'A . 2341009 4 Hr 0 Mins','gray',240,'2023-11-15','2023-11-16',0),(218,156,'Fl. 2341010 3 Hr 0 Mins','gray',180,'2023-11-08','2023-11-09',0),(219,157,'B♭. 2341011 7 Hr 0 Mins','gray',420,'2023-11-21','2023-11-22',0),(220,158,'So. 2342001 6 Hr 0 Mins','gray',360,'2023-11-23','2023-11-24',0),(221,158,'So. 2342001 6 Hr 0 Mins','gray',360,'2023-11-24','2023-11-25',0),(222,158,'So. 2342001 3 Hr 0 Mins','gray',180,'2023-11-22','2023-11-23',0),(223,159,'B♭. 2342002 4 Hr 0 Mins','gray',240,'2023-11-17','2023-11-18',0),(224,160,'Fl. 2342003 3 Hr 0 Mins','gray',180,'2023-11-17','2023-11-18',0),(225,161,'Al. 2342004 2 Hr 0 Mins','gray',120,'2023-11-10','2023-11-11',0),(226,162,'Al. 2342005 7 Hr 0 Mins','gray',420,'2023-12-21','2023-12-22',0),(227,163,'So. 2343001 2 Hr 0 Mins','gray',120,'2023-10-26','2023-10-27',0),(228,164,'Al. 2343002 7 Hr 0 Mins','gray',420,'2023-12-22','2023-12-23',0),(229,165,'B♭. 2343003 4 Hr 0 Mins','gray',240,'2023-12-01','2023-12-02',0),(230,166,'Al. 2343004 6 Hr 0 Mins','gray',360,'2023-11-28','2023-11-29',0),(231,166,'Al. 2343004 6 Hr 0 Mins','gray',360,'2023-11-29','2023-11-30',0),(233,168,'Al. 2343006 2 Hr 0 Mins','gray',120,'2023-11-07','2023-11-08',0),(234,169,'Te. 2343007 3 Hr 0 Mins','gray',180,'2023-12-05','2023-12-06',0),(235,169,'Te. 2343007 2 Hr 0 Mins','gray',120,'2023-12-05','2023-12-06',0),(236,170,'Al. 2343008 2 Hr 0 Mins','gray',120,'2023-11-08','2023-11-09',0),(237,171,'Fl. 2343009 3 Hr 0 Mins','gray',180,'2023-11-15','2023-11-16',0),(238,137,'Te. 2339005 2 Hr 0 Mins','gray',120,'2023-10-27','2023-10-28',0),(241,172,'Fl. 2343010 3 Hr 0 Mins','gray',180,'2023-11-22','2023-11-23',0),(242,173,'So. 2343011 2 Hr 0 Mins','gray',120,'2024-01-12','2024-01-13',0),(243,173,'So. 2343011 3 Hr 0 Mins','gray',180,'2024-01-16','2024-01-17',0),(245,175,'Te. 2344001 2 Hr 0 Mins','gray',120,'2023-12-06','2023-12-07',0),(246,176,'So. 2344002 2 Hr 0 Mins','gray',120,'2023-11-07','2023-11-08',0),(247,177,'Al. 2344003 2 Hr 0 Mins','gray',120,'2023-12-01','2023-12-02',0),(248,178,'Al. 2344004 5 Hr 0 Mins','gray',300,'2023-12-06','2023-12-07',0),(250,178,'Al. 2344004 1 Hr 0 Mins','gray',60,'2023-12-07','2023-12-08',0),(251,180,'E♭. 2344006 1 Hr 0 Mins','gray',60,'2023-11-02','2023-11-03',0),(252,181,'A . 2344007 7 Hr 0 Mins','gray',420,'2023-12-13','2023-12-14',0),(253,182,'E♭. 2344008 1 Hr 0 Mins','gray',60,'2023-11-03','2023-11-04',0),(254,185,'Al. 2344009 1 Hr 30 Mins','gray',90,'2023-11-02','2023-11-03',0),(255,186,'Al. 2344010 4 Hr 0 Mins','gray',240,'2023-12-12','2023-12-13',0),(256,187,'Fl. 2344011 3 Hr 0 Mins','orange',180,'2023-12-20','2023-12-21',0),(257,188,'B♭. 2344012 7 Hr 0 Mins','gray',420,'2023-12-14','2023-12-15',0),(258,190,'B♭. 2344014 7 Hr 0 Mins','gray',420,'2023-12-19','2023-12-20',0),(259,191,'Te. 2344015 2 Hr 0 Mins','gray',120,'2023-12-08','2023-12-09',0),(260,193,'So. 2345001 3 Hr 0 Mins','gray',180,'2023-12-12','2023-12-13',0),(261,194,'Al. 2345002 2 Hr 0 Mins','gray',120,'2023-12-05','2023-12-06',0),(262,195,'Al. 2346001 7 Hr 0 Mins','gray',420,'2023-12-15','2023-12-16',0),(263,196,'B♭. 2346002 1 Hr 0 Mins','gray',60,'2023-11-22','2023-11-23',0),(264,196,'B♭. 2346002 1 Hr 0 Mins','gray',60,'2023-11-23','2023-11-24',0),(265,197,'B♭. 2346003 4 Hr 0 Mins','gray',240,'2024-01-17','2024-01-18',0),(266,198,'Ob. 2346004 3 Hr 0 Mins','gray',180,'2024-01-03','2024-01-04',0),(267,199,'Ob. 2346005 2 Hr 0 Mins','gray',120,'2024-01-03','2024-01-04',0),(268,200,'Al. 2346006 3 Hr 0 Mins','gray',180,'2024-01-04','2024-01-05',0),(269,201,'Fl. 2346007 3 Hr 0 Mins','gray',180,'2023-12-20','2023-12-21',0),(270,167,'Te. 2343005 7 Hr 0 Mins','gray',420,'2023-11-30','2023-12-01',0),(271,174,'Te. 2343012 6 Hr 0 Mins','gray',360,'2023-12-07','2023-12-08',0),(272,202,'Fl. 2347001 1 Hr 0 Mins','gray',60,'2024-01-03','2024-01-04',0),(273,202,'Fl. 2347001 4 Hr 0 Mins','gray',240,'2024-01-04','2024-01-05',0),(274,203,'Al. 2347002 2 Hr 0 Mins','gray',120,'2024-01-12','2024-01-13',0),(275,204,'Al. 2347003 2 Hr 0 Mins','gray',120,'2024-01-02','2024-01-03',0),(276,205,'Al. 2347004 1 Hr 0 Mins','gray',60,'2024-01-09','2024-01-10',0),(277,206,'Fl. 2347005 7 Hr 0 Mins','gray',420,'2024-01-05','2024-01-06',0),(278,207,'Al. 2347006 1 Hr 0 Mins','gray',60,'2023-11-28','2023-11-29',0),(279,208,'Te. 2347007 2 Hr 0 Mins','gray',120,'2024-01-02','2024-01-03',0),(280,209,'Ba. 2347008 2 Hr 0 Mins','gray',120,'2024-01-12','2024-01-13',0),(281,210,'Al. 2347009 1 Hr 30 Mins','gray',90,'2024-01-10','2024-01-11',0),(282,211,'Ba. 2348001 4 Hr 0 Mins','orange',240,'2024-01-10','2024-01-11',0),(283,211,'Ba. 2348001 4 Hr 0 Mins','orange',240,'2024-01-11','2024-01-12',0),(284,212,'Fl. 2348002 2 Hr 0 Mins','gray',120,'2024-01-11','2024-01-12',0),(285,213,'Ba. 2348003 3 Hr 0 Mins','gray',180,'2024-01-09','2024-01-10',0),(286,214,'Te. 2348004 6 Hr 0 Mins','gray',360,'2024-01-18','2024-01-19',0),(288,216,'B♭. 2348006 7 Hr 0 Mins','gray',420,'2024-01-19','2024-01-20',0),(289,215,'Al. 2348005 6 Hr 0 Mins','gray',360,'2024-01-23','2024-01-24',0),(290,217,'Fl. 2348007 3 Hr 0 Mins','gray',180,'2024-01-09','2024-01-10',0),(291,218,'Te. 2348008 2 Hr 0 Mins','gray',120,'2024-01-02','2024-01-03',0),(292,219,'So. 2349001 2 Hr 0 Mins','gray',120,'2024-01-16','2024-01-17',0),(293,220,'Fl. 2349002 3 Hr 0 Mins','gray',180,'2024-01-30','2024-01-31',0),(294,221,'B♭. 2349003 2 Hr 30 Mins','gray',150,'2024-01-16','2024-01-17',0),(296,223,'Al. 2349005 1 Hr 0 Mins','orange',60,'2024-01-17','2024-01-18',0),(297,223,'Al. 2349005 1 Hr 0 Mins','orange',60,'2024-01-17','2024-01-18',0),(299,222,'Al. 2349004 7 Hr 0 Mins','gray',420,'2024-01-24','2024-01-25',0),(300,222,'Al. 2349004 5 Hr 0 Mins','gray',300,'2024-01-25','2024-01-26',0),(301,179,'So. 2344005 5 Hr 0 Mins','gray',300,'2024-01-26','2024-01-27',0),(302,224,'B♭. 2349006 2 Hr 0 Mins','gray',120,'2023-12-08','2023-12-09',0),(303,225,'Al. 2349007 1 Hr 30 Mins','gray',90,'2023-12-08','2023-12-09',0),(304,226,'B♭. 2350001 1 Hr 0 Mins','gray',60,'2023-12-16','2023-12-17',0),(305,227,'Fl. 2350002 3 Hr 0 Mins','gray',180,'2024-01-10','2024-01-11',0),(306,228,'B♭. 2350003 2 Hr 30 Mins','gray',150,'2024-01-10','2024-01-11',0),(307,228,'B♭. 2350003 4 Hr 30 Mins','gray',270,'2024-01-11','2024-01-12',0),(308,229,'Te. 2350004 2 Hr 0 Mins','gray',120,'2024-01-17','2024-01-18',0),(309,230,'B♭. 2350005 3 Hr 0 Mins','gray',180,'2024-01-31','2024-02-01',0),(310,231,'Ba. 2350006 4 Hr 0 Mins','orange',240,'2024-01-30','2024-01-31',0),(311,231,'Ba. 2350006 4 Hr 0 Mins','orange',240,'2024-01-31','2024-02-01',0),(312,232,'Te. 2351001 4 Hr 0 Mins','orange',240,'2024-02-01','2024-02-02',0),(313,233,'Al. 2351002 2 Hr 0 Mins','gray',120,'2024-01-26','2024-01-27',0),(315,236,'Ba. 2351004 7 Hr 0 Mins','gray',420,'2024-02-23','2024-02-24',0),(316,237,'A . 2351005 1 Hr 0 Mins','gray',60,'2024-01-12','2024-01-13',0),(317,238,'Fl. 241001 3 Hr 0 Mins','gray',180,'2024-02-02','2024-02-03',0),(320,159,'B♭. 2342002 3 Hr 0 Mins','orange',180,'2023-11-09','2023-11-10',0),(321,186,'Al. 2344010 1 Hr 0 Mins','orange',60,'2023-11-09','2023-11-10',0),(322,239,'Fl. 2401002 5 Hr 0 Mins','gray',300,'2024-02-06','2024-02-07',0),(323,239,'Fl. 2401002 3 Hr 0 Mins','gray',180,'2024-02-07','2024-02-08',0),(325,242,'Al. 241001 3 Hr 0 Mins','gray',180,'2024-02-01','2024-02-02',0),(326,242,'Al. 241001 2 Hr 0 Mins','gray',120,'2024-02-02','2024-02-03',0),(328,244,'Ba. 2401001 4 Hr 0 Mins','gray',240,'2024-01-30','2024-01-31',0),(329,244,'Ba. 2401001 4 Hr 0 Mins','gray',240,'2024-01-31','2024-02-01',0),(330,245,'Fl. 2402001 5 Hr 0 Mins','gray',300,'2024-02-09','2024-02-10',0),(331,246,'Fl. 2402001 3 Hr 0 Mins','gray',180,'2024-02-07','2024-02-08',0),(332,248,'B♭. 2402003 3 Hr 0 Mins','gray',180,'2024-02-13','2024-02-14',0),(333,249,'Te. 2402004 2 Hr 0 Mins','gray',120,'2024-02-08','2024-02-09',0),(335,251,'B♭. 2402006 2 Hr 0 Mins','gray',120,'2024-02-13','2024-02-14',0),(337,253,'Ot. 2402008 8 Hr 0 Mins','orange',480,'2024-02-20','2024-02-21',0),(339,255,'B♭. 2402010 7 Hr 0 Mins','gray',420,'2024-02-27','2024-02-28',0),(342,256,'Te. 2403001 3 Hr 0 Mins','gray',180,'2024-02-02','2024-02-03',0),(343,257,'Te. 2403002 5 Hr 0 Mins','gray',300,'2024-02-28','2024-02-29',0),(344,257,'Te. 2403002 5 Hr 0 Mins','gray',300,'2024-02-29','2024-03-01',0),(345,260,'Al. 2403005 6 Hr 0 Mins','gray',360,'2024-03-01','2024-03-02',0),(349,262,'Fl. 2403007 4 Hr 0 Mins','gray',240,'2024-02-21','2024-02-22',0),(352,261,'Al. 2403006 6 Hr 0 Mins','gray',360,'2024-03-08','2024-03-09',0),(353,263,'Al. 2403008 4 Hr 0 Mins','gray',240,'2024-03-06','2024-03-07',0),(355,265,'Al. 2403010 4 Hr 0 Mins','gray',240,'2024-03-07','2024-03-08',0),(356,266,'Pi. 2404001 5 Hr 0 Mins','gray',300,'2024-03-12','2024-03-13',0),(358,268,'Pi. 2404003 2 Hr 0 Mins','gray',120,'2024-02-09','2024-02-10',0),(359,269,'Fl. 2404004 3 Hr 0 Mins','gray',180,'2024-03-15','2024-03-16',0),(360,270,'B♭. 2404005 2 Hr 0 Mins','gray',120,'2024-02-22','2024-02-23',0),(361,271,'Al. 2404006 3 Hr 0 Mins','gray',180,'2024-02-22','2024-02-23',0),(362,272,'Te. 2404007 7 Hr 0 Mins','gray',420,'2024-03-21','2024-03-22',0),(363,272,'Te. 2404007 5 Hr 0 Mins','gray',300,'2024-03-22','2024-03-23',0),(364,273,'Te. 2405001 6 Hr 0 Mins','gray',360,'2024-02-14','2024-02-15',0),(365,275,'Ot. 2405002 8 Hr 0 Mins','gray',480,'2024-04-09','2024-04-10',0),(366,275,'Ot. 2405002 8 Hr 0 Mins','gray',480,'2024-04-16','2024-04-17',0),(367,275,'Ot. 2405002 8 Hr 0 Mins','gray',480,'2024-04-23','2024-04-24',0),(368,276,'Ot. 2405003 8 Hr 0 Mins','gray',480,'2024-04-30','2024-05-01',0),(369,276,'Ot. 2405003 3 Hr 30 Mins','gray',210,'2024-04-13','2024-04-14',0),(370,276,'Ot. 2405003 3 Hr 30 Mins','gray',210,'2024-04-20','2024-04-21',0),(371,276,'Ot. 2405003 3 Hr 30 Mins','gray',210,'2024-04-27','2024-04-28',0),(372,277,'Al. 2405004 6 Hr 0 Mins','orange',360,'2024-03-26','2024-03-27',0),(374,277,'Al. 2405004 2 Hr 0 Mins','orange',120,'2024-03-28','2024-03-29',0),(375,243,'B♭. 2401004 4 Hr 0 Mins','gray',240,'2024-04-04','2024-04-05',0),(376,278,'B♭. 2406001 7 Hr 0 Mins','gray',420,'2024-03-19','2024-03-20',0),(377,279,'Te. 2406002 2 Hr 0 Mins','gray',120,'2024-02-08','2024-02-09',0),(378,281,'Al. 2406003 4 Hr 0 Mins','gray',240,'2024-03-14','2024-03-15',0),(379,282,'Fl. 2406004 5 Hr 0 Mins','gray',300,'2024-03-20','2024-03-21',0),(380,283,'Ob. 2406005 2 Hr 0 Mins','gray',120,'2024-02-13','2024-02-14',0),(381,283,'Ob. 2406005 1 Hr 0 Mins','gray',60,'2024-02-14','2024-02-15',0),(382,283,'Ob. 2406005 1 Hr 0 Mins','gray',60,'2024-02-15','2024-02-16',0),(383,284,'So. 2407001 1 Hr 0 Mins','gray',60,'2024-02-17','2024-02-18',0),(384,285,'Al. 2407002 3 Hr 0 Mins','gray',180,'2024-03-05','2024-03-06',0),(386,235,'Al. 2351003 4 Hr 0 Mins','gray',240,'2024-04-03','2024-04-04',0),(387,235,'Al. 2351003 3 Hr 0 Mins','gray',180,'2024-04-02','2024-04-03',0),(388,286,'Al. 2407003 3 Hr 0 Mins','gray',180,'2024-04-03','2024-04-04',0),(389,286,'Al. 2407003 4 Hr 0 Mins','gray',240,'2024-04-02','2024-04-03',0),(390,287,'Ot. 2407004 8 Hr 0 Mins','orange',480,'2024-03-29','2024-03-30',0),(391,289,'Ba. 2407006 3 Hr 0 Mins','gray',180,'2024-03-15','2024-03-16',0),(392,288,'B♭. 2407005 3 Hr 0 Mins','gray',180,'2024-03-06','2024-03-07',0),(393,290,'Co. 2408001 5 Hr 0 Mins','orange',300,'2024-05-02','2024-05-03',0),(394,290,'Co. 2408001 5 Hr 0 Mins','orange',300,'2024-05-03','2024-05-04',0),(395,283,'Ob. 2406005 1 Hr 0 Mins','orange',60,'2024-02-01','2024-02-02',0),(396,291,'Fl. 2408002 6 Hr 0 Mins','orange',360,'2024-05-07','2024-05-08',0),(402,295,'Fl. 2408005 3 Hr 0 Mins','gray',180,'2024-03-13','2024-03-14',0),(403,295,'Fl. 2408005 2 Hr 0 Mins','gray',120,'2024-03-14','2024-03-15',0),(404,296,'Fl. 2408006 5 Hr 0 Mins','orange',300,'2024-05-09','2024-05-10',0),(405,296,'Fl. 2408006 5 Hr 0 Mins','orange',300,'2024-05-10','2024-05-11',0),(406,262,'Fl. 2403007 1 Hr 0 Mins','orange',60,'2024-01-05','2024-01-06',0),(408,298,'Al. 2408008 1 Hr 0 Mins','gray',60,'2024-02-29','2024-03-01',0),(409,300,'Te. 2408009 2 Hr 0 Mins','gray',120,'2024-02-28','2024-02-29',0),(410,301,'Al. 2408010 1 Hr 0 Mins','gray',60,'2024-03-05','2024-03-06',0),(413,304,'Fl. 2409003 3 Hr 0 Mins','gray',180,'2024-03-28','2024-03-29',0),(414,306,'Al. 2409004 3 Hr 0 Mins','gray',180,'2024-03-05','2024-03-06',0),(416,307,'So. 2409005 6 Hr 0 Mins','orange',360,'2024-05-14','2024-05-15',0),(417,302,'Te. 2409001 6 Hr 0 Mins','gray',360,'2024-04-12','2024-04-13',0),(421,310,'B♭. 2409008 7 Hr 0 Mins','gray',420,'2024-04-11','2024-04-12',0),(431,315,'Al. 2409013 2 Hr 0 Mins','orange',120,'2024-05-02','2024-05-03',0),(432,315,'Al. 2409013 1 Hr 0 Mins','orange',60,'2024-05-03','2024-05-04',0),(437,317,'Al. 2409015 3 Hr 0 Mins','gray',180,'2024-04-05','2024-04-06',0),(438,319,'Al. 2410002 6 Hr 0 Mins','gray',360,'2024-05-01','2024-05-02',0),(439,318,'So. 2410001 6 Hr 0 Mins','gray',360,'2024-05-15','2024-05-16',0),(440,320,'Te. 2410003 7 Hr 0 Mins','orange',420,'2024-05-21','2024-05-22',0),(441,320,'Te. 2410003 6 Hr 0 Mins','orange',360,'2024-05-22','2024-05-23',0),(442,321,'Ba. 2410004 7 Hr 0 Mins','orange',420,'2024-05-28','2024-05-29',0),(443,322,'B♭. 2410005 1 Hr 0 Mins','gray',60,'2024-04-25','2024-04-26',0),(445,323,'Al. 2410006 5 Hr 0 Mins','orange',300,'2024-05-16','2024-05-17',0),(446,323,'Al. 2410006 2 Hr 0 Mins','orange',120,'2024-05-17','2024-05-18',0),(448,313,'Fl. 2409011 5 Hr 0 Mins','gray',300,'2024-03-09','2024-03-10',0),(449,316,'Fl. 2409014 2 Hr 0 Mins','orange',120,'2024-05-07','2024-05-08',0),(451,325,'Fl. 2411001 3 Hr 0 Mins','gray',180,'2024-04-04','2024-04-05',0),(452,326,'Al. 2411002 7 Hr 0 Mins','orange',420,'2024-05-29','2024-05-30',0),(453,264,'B♭. 2403009 2 Hr 0 Mins','gray',120,'2024-03-13','2024-03-14',0),(454,329,'Fl. 2412001 4 Hr 0 Mins','gray',240,'2024-04-25','2024-04-26',0),(455,330,'B♭. 2412002 4 Hr 0 Mins','orange',240,'2024-05-24','2024-05-25',0),(456,331,'Al. 2412003 2 Hr 0 Mins','gray',120,'2024-03-23','2024-03-24',0),(457,333,'Fl. 2412004 4 Hr 0 Mins','gray',240,'2024-04-05','2024-04-06',0),(458,334,'Fl. 2413001 4 Hr 0 Mins','gray',240,'2024-04-02','2024-04-03',0),(459,335,'Fl. 2413002 6 Hr 0 Mins','orange',360,'2024-05-30','2024-05-31',0),(460,335,'Fl. 2413002 3 Hr 0 Mins','orange',180,'2024-05-31','2024-06-01',0),(461,336,'Te. 2413003 3 Hr 0 Mins','gray',180,'2024-04-03','2024-04-04',0),(462,337,'B♭. 2413004 1 Hr 30 Mins','gray',90,'2024-04-18','2024-04-19',0),(465,340,'B♭. 2414001 2 Hr 0 Mins','gray',120,'2024-04-18','2024-04-19',0),(466,341,'Ba. 2414002 3 Hr 0 Mins','orange',180,'2024-08-06','2024-08-07',0),(467,277,'Al. 2405004 7 Hr 0 Mins','orange',420,'2024-05-08','2024-05-09',0),(469,343,'Fl. 2414004 4 Hr 0 Mins','orange',240,'2024-05-15','2024-05-16',0),(470,344,'B♭. 2414005 7 Hr 0 Mins','orange',420,'2024-06-05','2024-06-06',0),(475,328,'Ba. 2411004 3 Hr 0 Mins','orange',180,'2024-04-09','2024-04-10',0),(476,312,'Fl. 2409010 4 Hr 0 Mins','orange',240,'2024-05-17','2024-05-18',0),(477,348,'B♭. 2416001 7 Hr 0 Mins','orange',420,'2024-06-06','2024-06-07',0),(478,349,'Al. 2416002 1 Hr 0 Mins','gray',60,'2024-04-26','2024-04-27',0),(481,350,'Fl. 2416003 3 Hr 0 Mins','orange',180,'2024-05-23','2024-05-24',0),(482,350,'Fl. 2416003 2 Hr 0 Mins','orange',120,'2024-05-24','2024-05-25',0),(483,303,'Ob. 2409002 5 Hr 0 Mins','gray',300,'2024-04-19','2024-04-20',0),(484,347,'Fl. 2415003 3 Hr 0 Mins','orange',180,'2024-05-15','2024-05-16',0),(485,347,'Fl. 2415003 1 Hr 0 Mins','orange',60,'2024-05-16','2024-05-17',0),(486,269,'Fl. 2404004 0 Hr 30 Mins','orange',30,'2024-04-06','2024-04-07',0),(487,267,'Fl. 2404002 4 Hr 30 Mins','orange',270,'2024-04-06','2024-04-07',0),(488,351,'Ba. 2417001 3 Hr 0 Mins','orange',180,'2024-06-04','2024-06-05',0),(489,352,'Ob. 2417002 4 Hr 0 Mins','orange',240,'2024-06-04','2024-06-05',0),(490,339,'Al. 2413006 2 Hr 0 Mins','gray',120,'2024-04-26','2024-04-27',0),(491,353,'Fl. 2417003 1 Hr 0 Mins','orange',60,'2024-05-16','2024-05-17',0),(492,354,'Fl. 2417004 2 Hr 0 Mins','orange',120,'2024-05-10','2024-05-11',0),(493,355,'Fl. 2417005 2 Hr 0 Mins','orange',120,'2024-05-24','2024-05-25',0),(494,356,'B♭. 2418001 7 Hr 0 Mins','orange',420,'2024-06-07','2024-06-08',0),(495,357,'So. 2418002 5 Hr 0 Mins','orange',300,'2024-06-11','2024-06-12',0),(496,358,'Al. 2418003 2 Hr 0 Mins','orange',120,'2024-05-31','2024-06-01',0),(497,307,'So. 2409005 1 Hr 0 Mins','orange',60,'2024-05-14','2024-05-15',0),(498,316,'Fl. 2409014 2 Hr 0 Mins','orange',120,'2024-05-09','2024-05-10',0),(499,316,'Fl. 2409014 1 Hr 0 Mins','orange',60,'2024-05-10','2024-05-11',0),(500,359,'Al. 2418004 4 Hr 0 Mins','orange',240,'2024-05-23','2024-05-24',0),(501,314,'B♭. 2409012 4 Hr 0 Mins','orange',240,'2024-06-12','2024-06-13',0);
/*!40000 ALTER TABLE `calendar_events` ENABLE KEYS */;
UNLOCK TABLES;

--
-- Table structure for table `customers`
--

DROP TABLE IF EXISTS `customers`;
/*!40101 SET @saved_cs_client     = @@character_set_client */;
/*!50503 SET character_set_client = utf8mb4 */;
CREATE TABLE `customers` (
  `id` int NOT NULL AUTO_INCREMENT,
  `surname` varchar(50) CHARACTER SET utf8mb4 COLLATE utf8mb4_general_ci NOT NULL,
  `firstname` varchar(50) CHARACTER SET utf8mb4 COLLATE utf8mb4_general_ci NOT NULL,
  `telephone` varchar(20) CHARACTER SET utf8mb4 COLLATE utf8mb4_general_ci NOT NULL,
  `email` varchar(50) CHARACTER SET utf8mb4 COLLATE utf8mb4_general_ci NOT NULL,
  `address` varchar(250) CHARACTER SET utf8mb4 COLLATE utf8mb4_general_ci NOT NULL,
  PRIMARY KEY (`id`)
) ENGINE=InnoDB AUTO_INCREMENT=230 DEFAULT CHARSET=utf8mb4 COLLATE=utf8mb4_general_ci;
/*!40101 SET character_set_client = @saved_cs_client */;

--
-- Dumping data for table `customers`
--

LOCK TABLES `customers` WRITE;
/*!40000 ALTER TABLE `customers` DISABLE KEYS */;
INSERT INTO `customers` VALUES (13,'Welsh','Mr C','0115 9410453','',''),(14,'Matthews','Molly','07446883619','',''),(15,'Cullen','Anne','07534 560822','',''),(16,'Parker','Abigail','07760 377183','',''),(17,'Mills','Gary','0116 2762699','',''),(18,'Winter','Brian','97774 696657','',''),(19,'Phillips','Brian','07967 442003','',''),(20,'Sharp','Simon','0115 9816396','',''),(21,'Harker','Amy','0115 9410542','',''),(22,'Steele','Rachel','07742 764042','',''),(23,'Charlton','Vivien and Steve','0115 9171911','',''),(24,'Curzon','Nathan','07712 253716','',''),(25,'Hambleton','Gareth','07793 144516','',''),(26,'Prescott','Hannah','see cc form','',''),(27,'Moggs','Moggs','moggsax@icloud.com','',''),(28,'Wilson','Harvey','07840 810515','',''),(29,'Cullen','KA','07534 560822','',''),(30,'O\'Connor','Adrian','07816 675037','',''),(31,'Hartley','June','0115 9306329','',''),(32,'Westry','Marian','07776 998300','',''),(33,'Gooding','Jenny','07946 584752','',''),(34,'Evenden','Jill','07359 344205','',''),(35,'Eaton','Dilafruz','07766 180846','',''),(36,'Hodal','Isabelle','07530 419481','',''),(37,'Goodings','Max','07590 848388','maxgoodings@gmail.com',''),(38,'Cheetham','Catherine','07754 177170','',''),(39,'Gibson','Joe','07931 092545','',''),(40,'Lawson','Bryan','07884 184248','',''),(41,'Prosser','Tracey','07890 584820','',''),(42,'Farrow','Graham','07515 385421','',''),(43,'Blaine','Sarah','07814 162026','',''),(44,'Taylor','Lucy','07977 730413','',''),(45,'Johnson','Wendy','07745 479333','',''),(46,'Milburn','Nick','07974714090','nick_milburn@hotmail.com','9 Bedford Court'),(47,'Chambers','Carol','07801381429','',''),(48,'Blow','Derek','07877442922','delblow@gmail.com',''),(49,'Holloway','Stephen','07974910082','',''),(50,'Okojie','Daniel','07501127213','',''),(51,'Barber','Victoria','07900217527','vhb.jsb@gmail.com',''),(52,'Masterson','Alison','07703353709','',''),(53,'Selby','Ruth','07910321575','',''),(54,'craggs','Carol','01159396252','carol.craggs@outlook.com',''),(55,'Young','Jeanette','07799607545','',''),(56,'no','repairer','9999999999','',''),(57,'Jordan','Lisa','07972255226','',''),(58,'HIrons','S ','07791246286','s-hirons@hotmail.co.uk',''),(59,'Cox','Rob','07933106747','',''),(60,'Thorburn','Gerald','078107534445','',''),(61,'Darkwa','Sandra','07957470921','',''),(62,'Spencer','Tessa','07487832702','',''),(63,'Leech','Helen','07947585364','',''),(64,'Rachwal','Dennis','07786981322','',''),(65,'Jones Nottm High School','Emily','07765288258','',''),(66,'Jenkins','Ian','07877375878','',''),(67,'Bowers','Audrey','01509890114','',''),(68,'sharratt','natalie','075511565195','',''),(69,'van der Meer','Hugo','07484783942','from.hugovadermeer@gmail.com',''),(70,'Thompson','Kevin','07530163882','',''),(71,'Webb','Patrick','07870296964','',''),(72,'Sallis','dave','07759851189','',''),(73,'Johnson','Wendy','07745479333','',''),(74,'Moore','Karen','07866919445','',''),(75,'Hunka','Lisa','07376171402','lhunka02@gmail.com',''),(76,'Nolan','Deborah','07539583896','',''),(77,'Bond','Gavin','07445247137','',''),(78,'Vardy','Janine','07889332236','',''),(79,'Bhogal','Manny','07794931015','',''),(80,'Reeve','natalie','07841816236','',''),(81,'Crews','Emma','07478678568','',''),(82,'Csorba','Jules','07954532009','',''),(83,'Keyworth','Charlotee','07759871779','',''),(84,'Dalton','Clare','07956312296','',''),(85,'Moukodi','Leonie','07958061098','',''),(86,'Reed','Amy','07534943615','',''),(87,'Warpen','Kelly','07807254913','',''),(88,'Marshall (Repton School)','Kate','01283 559227','kmarshall@repton.org.uk',''),(89,'Brown','Jonathan','07936157751','',''),(90,'LIndo','Junior','07497920424','',''),(91,'Bladon','Valerie','07895055751','',''),(92,'Brown','Beth','07508432250','',''),(93,'Taylor','Barbara','07814143387','',''),(94,'Dale','Martyn','07952396484','dalesmar62@gmail.com',''),(95,'Kennedy','Ellie','07757653699','',''),(96,'Essex','Caroline','07903370141','',''),(97,'Fardoe','Tony','07765696597','',''),(98,'Hamilton','Jane','07720075425','jane.hamilton@miocrolise.com',''),(99,'Walker','Emma','07980552829','',''),(100,'Adlam','Linda','07740424886','',''),(101,'Masters','Sue','07779178159','',''),(102,'Raynor','Kerry','07757436774','',''),(103,'Crafter','Jackie','07979812133','',''),(104,'Connell','John','07908437655','',''),(105,'Au','Andy','07565879350','',''),(106,'Das','Diganta','07944217470','',''),(107,'Lord','Sam','07779202868','',''),(108,'Taylor','Paul','-','phtaylor55@gmail.com',''),(109,'Crabtree','Matthew','07483863181','',''),(110,'Cotton','Emily','07720840445','',''),(111,'Sharpe','Simon','01159816396','',''),(112,'Boniface','Jenny','07982207429','',''),(113,'Arlow','Louise','07808923701','',''),(114,'Windblowers','WB','01159410543','',''),(115,'French','Jacquie','07484829058','',''),(116,'Muir','Alison','07955351051','alisonmuir7@outlook.com',''),(117,'Caporn','Mrs','01332799577','',''),(118,'Banks','mr','07827724549','',''),(119,'Matthews','Oli','07970704022','',''),(120,'Trent College','REF Georgina R','01159836950','',''),(121,'Fraser','Della','07813672950','',''),(122,'Livington','Charlotte','07786243561','',''),(123,'Coley','Louise','07523 856 538','louise.coley@sky.com',''),(124,'Coley','Louise','07523 856 538','louise.coley@sky.com',''),(125,'Kirke','Andrew','07554654999','',''),(126,'Williams','Cheryl','07986604213','',''),(127,'Breward','Kate','07817150419','',''),(128,'Burrows','Roz','07854027830','',''),(129,'Hanson','Rebecca','07789758749','',''),(130,'Lisle','Mrs','07778640453','',''),(131,'Sealy','Andrea','07729108894','',''),(132,'Herrick','Laura','07985280694','',''),(133,'TOON','Chris','07734815857','',''),(134,'x','Raye','07771968182','',''),(135,'Law','Melissa','07950719851 (mum)','',''),(136,'Latham','Ryan','07592893072','',''),(137,'Coppinger','Kate','07967738156','',''),(138,'stutchbury','Rob','07980404711','',''),(139,'Ankers','Kassey','07540354861','',''),(140,'Whittaker','Mike','07879846204','',''),(141,'Hudson','Gordon','07419995477','',''),(142,'Sankey','Lynn','07825958303','',''),(143,'Moore','Mrs','07917126491','',''),(144,'King','Helen','07821691106','',''),(145,'Cordon','John','07852921569','',''),(146,'Raj','Raj','c/o Richard','',''),(147,'fisher','karen','07584301893','',''),(148,'Caron','Jane','07511691489','',''),(149,'Roberts','Matt ','','mattrobertsmusic@gmail.com',''),(150,'Leach','Helen','07947585364','',''),(151,'Chandrasekar','S','07389108936','sadhanachandrasekar@gmail.com',''),(152,'Chandrasekar','Arjun ','447446750538','',''),(153,'Allsopp','Gail','07815100221','',''),(154,'Mugglestone','Jenny','07733455113','jenny.mugglestone@gmail.com',''),(155,'Timms','Nigel (George)','0757774633','nitimms@ntlworld.com',''),(156,'Sweet','Mark','07983726264','',''),(157,'Patel','Daweena','07841507373','daveenap3@gmail.com',''),(158,'Turley','Kendall','07919354486','',''),(159,'Wright','Kitiona','07500991191','',''),(160,'Hind','George','07719407049','',''),(161,'Oswald','Margaret','07539293936','margaretoswald30@gmail.com',''),(162,'Owen','Paul','07967599994','',''),(163,'Reilly','Christopher','07585 363738','',''),(164,'Nimmo','David','07943196764','',''),(165,'Brown','Javard','07845463393','javardant.b37@outlook.com',''),(166,'Ridgway','John','','',''),(167,'Franchi','George','07360 004793','',''),(168,'Etherington','Antony','07948726751','',''),(169,'Kitchen','Joanna','07779120685','',''),(170,'Hatherly','Dave','07769833868','',''),(171,'Stephens','Joanna','07843099149','',''),(172,'olphin','Jane','07757312520','',''),(173,'McDowell','Emily','07544310723','',''),(174,'Campion','Nick','07958695778','nick_@nickcampion.co.uk',''),(175,'Wilson','Mandy','0784048636','',''),(176,'van Schaik','Roger','07581735961','',''),(177,'Howland','Jan','07810358188','jan.howland@outlook.com',''),(178,'Redfern','Denise','01773 856566','',''),(179,'Ingram','Lesley','07792807275','burrwood40@yahoo.com',''),(180,'Noall','Rebecca','07788804012','',''),(181,'Fletcher','Linda','07432 835242','',''),(182,'Skelton','Peter','cc sale','',''),(183,'Sowden','Richard','01476 249914','',''),(184,'Wesker (NSW)','David','','treasurer@nsw.org.uk',''),(185,'Wilcock','John','07899990612','',''),(187,'Marjan','Helen','07733705094','helenmarjan@gmail.com',''),(188,'Lam','Joe','','joelamcy100f@gmail.com',''),(189,'Ford','Amanda','07817826564','',''),(190,'Cornwall','George','-','-',''),(191,'Hills','Ian','07984187383','ianhills@ntlworld.com',''),(192,'Noble','Myles','07506946208','',''),(193,'Buet','Mr','07915472250','',''),(194,'Bamber','Andrea','07548654556','',''),(195,'Marston','Wayne','07973368533','',''),(196,'Farr','Andy','07854413675','',''),(197,'Seals','Sarah','07792442318','',''),(198,'Rose','Peter','07879855498','',''),(199,'Cousins','Trina','07972028548','trncousins@gmail.com',''),(200,'Gregory','Anna','07980308035','',''),(201,'Godfrey','Kendall','01159335319','',''),(202,'Holbrook','Keith','07890580817','',''),(203,'Etell','Daisy','07555 508392','',''),(204,'Hughes','Beth','na','beth.hughes@doctors.org.uk',''),(205,'Bernard','Ellie','07730751129','',''),(206,'Wood','Sophie','07696099103','',''),(207,'Elliott','Philip','07748249625','',''),(208,'Dammers','Amanda','07751072755','',''),(209,'Shattatt','Natalie','07511565195','',''),(210,'Hooper','Susan','07979448602','',''),(211,'Hopkins','Tracey','07926986843','',''),(212,'Race','Lois','07528097125','',''),(213,'Neal','Pippa','078243101020','',''),(214,'Wesker','David','','dwesker@hotmail.co.uk',''),(215,'Riay','Karen','07986555075','',''),(216,'Ayre','Rebecca','07531179633','',''),(217,'Burrows','Chris','07795829537','',''),(218,'Ussi','Keiko','07753394188','',''),(219,'Rodgeers','Danielle','0781306590','',''),(220,'Battey','Michael','01142486934','',''),(221,'Packer','Joanna','07852347612','',''),(222,'Lingard','Lynsey','07810635576','',''),(223,'Palmer','Jackie','07803043513','',''),(224,'Seals','Emily','07762052480','',''),(225,'Allison','Robert','07948351818','rallison@crownhills.leicester.sch.uk',''),(226,'Szczepanski','Marie','07814743171','',''),(227,'Starling','David','07970492376','',''),(228,'Garrett','Phil','07716002877','philgarrett66@yahoo.co.uk',''),(229,'Holmes','Jonathan','07817604914','','');
/*!40000 ALTER TABLE `customers` ENABLE KEYS */;
UNLOCK TABLES;

--
-- Table structure for table `notifications`
--

DROP TABLE IF EXISTS `notifications`;
/*!40101 SET @saved_cs_client     = @@character_set_client */;
/*!50503 SET character_set_client = utf8mb4 */;
CREATE TABLE `notifications` (
  `id` int NOT NULL AUTO_INCREMENT,
  `repair_id` int NOT NULL,
  `title` varchar(50) CHARACTER SET utf8mb4 COLLATE utf8mb4_general_ci NOT NULL,
  `instrument` varchar(30) CHARACTER SET utf8mb4 COLLATE utf8mb4_general_ci NOT NULL,
  `job_number` varchar(10) CHARACTER SET utf8mb4 COLLATE utf8mb4_general_ci NOT NULL,
  PRIMARY KEY (`id`)
) ENGINE=InnoDB AUTO_INCREMENT=756 DEFAULT CHARSET=utf8mb4 COLLATE=utf8mb4_general_ci;
/*!40101 SET character_set_client = @saved_cs_client */;

--
-- Dumping data for table `notifications`
--

LOCK TABLES `notifications` WRITE;
/*!40000 ALTER TABLE `notifications` DISABLE KEYS */;
INSERT INTO `notifications` VALUES (750,319,'Job Ready To Be Signed Off','alto saxophone','2410002'),(751,319,'Job Complete And Ready To Be Collected','alto saxophone','2410002'),(752,356,'Job Assessed - Ready To Notify Customer','b♭ clarinet','2418001'),(753,357,'Job Assessed - Ready To Notify Customer','soprano saxophone','2418002'),(754,358,'Job Assessed - Ready To Notify Customer','alto saxophone','2418003'),(755,359,'Job Assessed - Ready To Notify Customer','alto saxophone','2418004');
/*!40000 ALTER TABLE `notifications` ENABLE KEYS */;
UNLOCK TABLES;

--
-- Table structure for table `repairers`
--

DROP TABLE IF EXISTS `repairers`;
/*!40101 SET @saved_cs_client     = @@character_set_client */;
/*!50503 SET character_set_client = utf8mb4 */;
CREATE TABLE `repairers` (
  `id` int NOT NULL AUTO_INCREMENT,
  `name` varchar(50) CHARACTER SET utf8mb4 COLLATE utf8mb4_general_ci NOT NULL,
  PRIMARY KEY (`id`)
) ENGINE=InnoDB AUTO_INCREMENT=10 DEFAULT CHARSET=utf8mb4 COLLATE=utf8mb4_general_ci;
/*!40101 SET character_set_client = @saved_cs_client */;

--
-- Dumping data for table `repairers`
--

LOCK TABLES `repairers` WRITE;
/*!40000 ALTER TABLE `repairers` DISABLE KEYS */;
INSERT INTO `repairers` VALUES (4,'Purple'),(9,'Jacob');
/*!40000 ALTER TABLE `repairers` ENABLE KEYS */;
UNLOCK TABLES;

--
-- Table structure for table `repairs`
--

DROP TABLE IF EXISTS `repairs`;
/*!40101 SET @saved_cs_client     = @@character_set_client */;
/*!50503 SET character_set_client = utf8mb4 */;
CREATE TABLE `repairs` (
  `id` int NOT NULL AUTO_INCREMENT,
  `status` varchar(20) CHARACTER SET utf8mb4 COLLATE utf8mb4_general_ci NOT NULL,
  `job_number` varchar(20) CHARACTER SET utf8mb4 COLLATE utf8mb4_general_ci NOT NULL,
  `customer_id` int NOT NULL,
  `instrument` varchar(50) CHARACTER SET utf8mb4 COLLATE utf8mb4_general_ci NOT NULL,
  `manufacturer` varchar(50) CHARACTER SET utf8mb4 COLLATE utf8mb4_general_ci NOT NULL,
  `model` varchar(50) CHARACTER SET utf8mb4 COLLATE utf8mb4_general_ci NOT NULL,
  `serial_number` varchar(20) CHARACTER SET utf8mb4 COLLATE utf8mb4_general_ci NOT NULL,
  `notes` text CHARACTER SET utf8mb4 COLLATE utf8mb4_general_ci NOT NULL,
  `has_been_assessed` int NOT NULL DEFAULT '0',
  `expected_time` int DEFAULT NULL,
  `cost_for_time` int DEFAULT NULL,
  `materials_notes` text CHARACTER SET utf8mb4 COLLATE utf8mb4_general_ci,
  `materials_cost_us` int DEFAULT NULL,
  `materials_cost_customer` int DEFAULT NULL,
  `misc_notes` text CHARACTER SET utf8mb4 COLLATE utf8mb4_general_ci,
  `has_been_allocated` int NOT NULL DEFAULT '0',
  `repairer_id` int DEFAULT NULL,
  `deadline` date DEFAULT NULL,
  `timer` int NOT NULL DEFAULT '0',
  `unallocated_time_calendar` int NOT NULL DEFAULT '0',
  `has_been_updated` int NOT NULL DEFAULT '0',
  `updated_expected_time` int NOT NULL DEFAULT '0',
  `updated_cost_for_time` int DEFAULT NULL,
  `updated_materials_cost_us` int DEFAULT NULL,
  `updated_materials_cost_customer` int DEFAULT NULL,
  `open_job_notes` text CHARACTER SET utf8mb4 COLLATE utf8mb4_general_ci,
  `has_been_requested_finished` int NOT NULL DEFAULT '0',
  `date_created` datetime NOT NULL,
  `date_finished` datetime DEFAULT NULL,
  `date_collected` datetime DEFAULT NULL,
  PRIMARY KEY (`id`)
) ENGINE=InnoDB AUTO_INCREMENT=360 DEFAULT CHARSET=utf8mb4 COLLATE=utf8mb4_general_ci;
/*!40101 SET character_set_client = @saved_cs_client */;

--
-- Dumping data for table `repairs`
--

LOCK TABLES `repairs` WRITE;
/*!40000 ALTER TABLE `repairs` DISABLE KEYS */;
INSERT INTO `repairs` VALUES (61,'collected','2334001',13,'tenor saxophone','Trevor James','SR','T23050','old job number P104',1,120,80,'',0,0,'prepare for commission sale',1,4,'2023-09-08',0,0,1,120,80,0,0,NULL,1,'2023-08-25 16:16:20','2024-02-07 17:11:23','2024-02-07 17:11:55'),(62,'collected','2334002',14,'a clarinet','Buffet','R13','547881','P91',1,420,280,'Pads',0,80,'Repad and prepare for commission sale',1,4,'2023-09-19',0,0,0,0,NULL,NULL,NULL,'Re-pad:\n\nPolish \nOil \nClean\nReplace all the foot corks, pads, tenon corks\nRegulate\nRe-seat\nTest',1,'2023-08-25 16:26:29','2023-09-21 10:25:02','2023-10-10 15:29:28'),(63,'collected','2334003',14,'b♭ clarinet','Buffet','RC (pair)','686953 689868','P90',1,360,240,'Tenon Cork',0,0,'',1,4,'2023-09-13',0,0,0,0,NULL,NULL,NULL,'Bb:\nPolish \nClean \nOil\nRegulate\nRe-seat \nTest\n\nA:\nReplace the top and middle tenon cor\nPolish \nClean \nOil\nRegulate\nRe-seat \nTest\n',1,'2023-08-25 16:30:59','2023-09-14 09:12:46','2023-10-10 15:29:33'),(64,'collected','2334004',15,'alto saxophone','Selmer','S80','N351406','P95',1,120,80,'2x pads',0,0,'Service for resale. Replace 2 pads as seen. Regulate, adjust, wipe over',1,4,'2023-09-22',0,0,0,0,NULL,NULL,NULL,'Replace top F# pad\nWipe over\nRegulate\nRe-seat\nTes',1,'2023-08-25 16:38:28','2023-09-22 13:55:17','2023-09-23 08:58:53'),(65,'collected','2334005',16,'b♭ clarinet','B&H','77','159268','P112',1,420,280,'pads + case',0,0,'full service, full repad, polish. new case!',1,4,'2023-09-30',0,0,0,0,NULL,NULL,NULL,NULL,1,'2023-08-25 16:45:25','2023-10-05 10:49:40','2023-10-25 14:35:12'),(66,'collected','2334006',17,'b♭ clarinet','B&H','Imperial 926','509709','P109',1,240,160,'',0,0,'service for commission sale',1,4,'2023-09-30',0,0,0,0,NULL,NULL,NULL,'Polish\nOil \nClean\nReplace A pad\nRegulate\nRe-seat\nTes',1,'2023-08-25 16:49:01','2023-09-28 15:51:51','2023-09-29 10:46:20'),(67,'collected','2334007',18,'b♭ clarinet','Yamaha','YCL650','107240','P71',1,240,160,'poss recork mouthpiece',0,0,'service, clean & polish, possible recork mp, clean toneholes',1,4,'2023-09-02',9074,0,0,0,NULL,NULL,NULL,NULL,1,'2023-08-26 07:41:34','2023-09-05 09:18:55','2023-09-22 12:38:43'),(68,'collected','2334008',19,'alto saxophone','Yamaha','YAS62','E75115','P86',1,120,80,'3 pads to change, neck cork',0,0,'neck cork, 3 pads to change, checkover',1,4,'2023-09-01',0,0,1,90,60,0,0,NULL,1,'2023-08-26 07:47:40','2023-08-26 10:00:51','2023-08-30 12:41:49'),(69,'collected','2334009',20,'alto saxophone','Buescher','Truetone','-','P86',1,120,80,'',0,0,'sort leaks etc, service',1,4,'2023-09-12',0,0,0,0,NULL,NULL,NULL,'Put a cork on the Fork Eb key, so it will close all the time\nRegulate\nRe-seat\nAdjust the spring tension\nTes',1,'2023-08-26 08:03:25','2023-09-08 13:17:45','2023-09-16 08:12:36'),(71,'collected','2334011',22,'b♭ clarinet','Yamaha','YCL250','115293','P103',1,240,160,'',0,0,'service and polish',1,4,'2023-09-21',0,0,0,0,NULL,NULL,NULL,'Polish \nClean\nOil\nRegulate\nRe-seat\nTes',1,'2023-08-26 08:29:53','2023-09-21 09:18:18','2023-10-10 15:29:41'),(72,'collected','2334012',23,'b♭ clarinet','Yamaha','YCL450','117914','P96',1,300,200,'pads, cork',0,0,'prep for commission sale',1,4,'2023-09-14',0,0,1,300,200,0,0,'Replace top tenon cork\nOil\nPolish\nRegulate\nRe-seat\n ',1,'2023-08-26 08:32:31','2023-09-15 09:58:54','2023-09-22 12:38:50'),(73,'collected','2334013',21,'flute','Trevor James','10x','8636','P84',1,120,80,'',0,0,'general service, min required',1,4,'2023-08-31',0,0,1,60,40,0,0,NULL,1,'2023-08-26 08:34:51','2023-09-01 11:13:38','2023-09-01 16:54:18'),(74,'collected','2334014',24,'flute','Miyazawa','BR602','93480','P81',1,120,80,'',0,0,'regulate, adjust, clean rods, oil, wipeover',1,4,'2023-08-31',1158,0,0,0,NULL,NULL,NULL,NULL,1,'2023-08-26 08:38:17','2023-08-29 15:13:07','2023-09-01 11:29:39'),(75,'collected','2334015',25,'cor anglais','NA','NA','NA','P75',1,120,80,'',0,0,'oil, regulate, clean as accessible',1,4,'2023-09-09',0,0,0,0,NULL,NULL,NULL,'Replace the foot cork \nRegulate \nRe-seat\nil\nTest',1,'2023-08-26 08:43:18','2023-09-08 10:47:56','2023-09-16 08:12:44'),(76,'collected','2334016',26,'bass clarinet','Rudell Carte?','Graduate','46862','P111',1,240,160,'',0,0,'prep for commission sale',1,4,'2023-09-30',0,-90,1,150,100,0,0,'Regulate\nRe-seat\nOil\nTes',1,'2023-08-26 08:49:45','2023-09-15 12:29:34','2023-09-23 08:58:59'),(77,'collected','2334017',26,'baritone saxophone','Chiltern','B8860','?','P110',1,180,120,'',0,0,'prep for commission sale',1,4,'2023-09-30',0,-30,1,150,100,0,0,'Clean\nRegulate\nRe-seat \nOil\nTes',1,'2023-08-26 08:55:24','2023-09-15 16:09:33','2023-09-23 08:59:03'),(78,'collected','2334018',27,'baritone saxophone','na','na','na','P11',1,1020,680,'whatever required!!',0,300,'full overhaul and repad',1,4,'2023-08-31',3,0,1,1140,760,0,300,NULL,1,'2023-08-26 08:57:57','2023-09-01 09:27:09','2023-09-06 12:32:10'),(79,'collected','2334019',28,'tenor saxophone','Yamaha','YTS275','337889','P88',1,180,120,'',0,0,'service, recork crook, regulate, adjust, maybe pads',1,4,'2023-09-15',0,-60,1,120,80,0,0,'Replace the neck cork\nRe-seat\nRegulate\nTes',1,'2023-08-26 09:02:58','2023-09-12 16:56:06','2023-09-16 08:12:53'),(80,'collected','2334020',29,'tenor saxophone','Yanagisawa','T992','00294566','P57 - prep for commission sale',1,420,280,'pads',0,0,'',1,4,'2023-09-09',0,0,1,420,280,0,0,'replace 3 pads and neck cor',1,'2023-08-26 09:22:13','2023-09-12 09:46:26','2023-09-16 08:12:59'),(81,'collected','2334021',30,'flute','Azumi','AZ2','RD04499','P74 - NOT YET HERE, DUE END AUG',1,180,120,'pad',0,0,'replace top pad \'B\', clean, regulate, adjust',1,4,'2023-09-02',0,0,0,0,NULL,NULL,NULL,'head cor',1,'2023-08-26 09:44:19','2023-09-05 16:41:46','2023-09-05 16:42:05'),(82,'collected','2334022',31,'oboe','Howarth','S2','2423','',1,420,280,'bottom tenon cork',0,0,'strip down, clean, corks/felts as needed, bottom tenon replace',1,4,'2023-09-14',0,-150,1,390,260,0,0,NULL,1,'2023-08-26 09:46:42','2023-09-05 16:19:06','2023-09-16 08:13:05'),(83,'collected','2334023',32,'oboe','Fox','Renard','776','P45 - NOT YET HERE, DUE EARLY SEPT',1,180,120,'',0,0,'service, regulate, adjust, corks/felts as needed',1,4,'2023-09-13',0,0,1,180,120,0,0,'Regulate\nRe-seat\nClean the octave tube\nTes',1,'2023-08-26 09:50:01','2023-09-06 12:37:34','2023-09-07 10:57:19'),(84,'collected','2334024',33,'flute','Miyazawa','BR602','93483','P87 - NOT YET HERE, DUE 8TH SEPT NEEDS TO BE READY ON 8TH (CLOSED 9TH)',1,180,120,'cork, pads',0,0,'head cork, tenon, 2-3 pads as needed, low C leak, general service, regulate, adjust',1,4,'2023-09-09',0,0,1,180,120,0,0,'Replace thumb Bb, G1 and E pad\nReplace head cork\nOil\nRegulate\nRe-seat\nTes',1,'2023-08-26 09:52:43','2023-09-08 09:42:53','2023-09-16 08:13:12'),(85,'collected','2334025',34,'flute','Pearl','665','20414','P106 - NOT YET HERE, DUE 12TH SEPT',1,120,80,'',0,0,'basic service and clean',1,4,'2023-09-15',0,-30,1,90,60,0,0,'Polish, wipe over\nRegulate\nRe-seat\nOil\nTes',1,'2023-08-26 09:59:06','2023-09-14 11:46:19','2023-09-19 16:45:15'),(86,'collected','2334026',35,'flute','?','Sonata Curved Head','18070177','P102 - NOT YET HERE, DUE 19 SEPT',1,120,80,'',0,0,'service plus materials as required',1,4,'2023-09-20',0,0,0,0,NULL,NULL,NULL,'Replace F pad\nRegulate\nRe-seat\nRe-fit foot joint tenon\nTes',1,'2023-08-26 10:01:14','2023-09-20 14:20:41','2023-09-22 12:39:00'),(87,'collected','2334027',36,'flute','Yamaha','YFL212','na','P99 - NOT YET HERE, DUE 21ST SEPT',1,180,120,'',0,0,'general service (unseen)',1,4,'2023-09-23',0,-60,1,120,80,0,0,'Oil\nRegulate \nRe-seat Test',1,'2023-08-26 10:06:15','2023-09-22 11:28:47','2023-09-22 16:47:02'),(88,'collected','2334028',37,'tenor saxophone','Yanagisawa','T990','00202286','NOT YET HERE - WILL BE IN BY REPAIR DATE',1,420,280,'',0,0,'full service, check pads, neck cork, clean, regulate/adjust',1,4,'2023-10-07',0,0,1,420,280,0,0,'Replace High E pad\nClean\nOil\nRegulate\nRe-seat\nTes',1,'2023-08-26 10:30:52','2023-11-15 10:19:02','2023-12-12 12:48:35'),(89,'collected','2334029',38,'flute','na','na','na','P94 - NOT YET HERE, DUE 22 SEPT',1,180,120,'',0,0,'service unseen - 3hrs allowed',1,4,'2023-09-27',0,0,1,180,120,0,0,'Polish \nClean \nOil\nRe-fit both tenon\nRegulate\nRe-seat\nTes',1,'2023-08-26 10:39:14','2023-09-26 15:10:54','2023-10-11 09:26:06'),(90,'collected','2334030',39,'b♭ clarinet','Buffet','RC','na','P98 - NOT YET HERE, DUE 26 SEPT',1,240,160,'',0,0,'general service, polish, pads/cork shouldn\'t be required',1,4,'2023-09-30',0,0,0,0,NULL,NULL,NULL,'Polish\nOil\nClean\nReplace C trill pad\nRegulate\nRe-seat\nTes',1,'2023-08-26 10:41:36','2023-09-28 10:58:38','2023-10-05 10:50:02'),(91,'collected','2334031',40,'flute','Miyazawa','not sure - 980 silver','na','P101 - NOT YET HERE, DUE 30 SEPT',1,300,200,'',0,0,'full service (unseen) - allowed 5 hrs',1,4,'2023-10-04',0,0,0,0,NULL,NULL,NULL,'Polish \nClean\nOil Replace top C pad, thumb B pad and Low Db pad\nRegulate\nRe-seat \nTest',1,'2023-08-26 10:47:59','2023-10-05 09:28:09','2023-10-05 10:50:08'),(93,'collected','2334033',42,'tenor saxophone','Yanagisawa','T901','245514','P113 - NOT YET HERE, DUE 3 OCT',1,420,280,'pads',0,0,'service, pads',1,4,'2023-10-07',0,0,0,0,NULL,NULL,NULL,'Replace Low Eb, C#, High F#, F, Eb and octave pad, neck cork\nClean \nOil\nRegulate \nRe-seat\n Test',1,'2023-08-26 10:53:36','2023-10-06 15:29:17','2023-10-07 07:56:31'),(94,'collected','2334034',43,'b♭ clarinet','Buffet','E13','K118872','P105 - NOT YET HERE, DUE EARLY SEPT',1,120,80,'cork',0,0,'cork issues! look over if time, allowed 2 hrs',1,4,'2023-09-06',0,-240,1,480,320,0,0,'Repad \nPolish \nOil \nClean \nReplace all the pads and material\nReplace the F#/C# screw\nRegulate \nTes',1,'2023-08-26 10:57:02','2023-10-06 09:38:57','2023-10-13 16:26:32'),(95,'collected','2334035',44,'flute','na','na','na','P107 - NOT YET SEEN, DUE 3 OCT',1,180,120,'',0,0,'service unseen, allowed 3 hrs',1,4,'2023-10-07',0,0,1,240,160,0,0,'Polish\nClean \nOil\nRegulate\nRe-seat\nTes',1,'2023-08-26 10:59:44','2023-10-05 15:03:54','2023-11-02 15:33:19'),(96,'collected','2334036',45,'alto saxophone','na','na','na','P66 - NOT YET SEEN, DUE ON THE DAY',1,180,120,'',0,0,'service? no notes on spreadsheet',1,4,'2023-09-26',0,-60,1,120,80,0,0,'Straighten the low C# key\nRegulate\nRe-seat\nReplace foot corks as needed\nOi\nTest\n',1,'2023-08-26 11:01:23','2023-09-26 11:13:04','2023-09-26 13:18:27'),(101,'collected','2335002',47,'alto saxophone','Yamaha','YASs25','n/a','',1,360,240,'4-5 pads as needed',0,0,'Prebooked 10-14th October',1,4,'2023-10-14',0,0,1,420,280,0,0,'up to 12 pads needed - ok by customer 11/1\n\nReplace High F#, E, Eb, D, side Bb, C, F#, Low B, Bb, octave pad\nClean\nOil\nRegulate\nRe-seat\nTes',1,'2023-08-29 11:47:19','2023-10-12 09:55:23','2023-10-13 16:26:38'),(102,'collected','2335003',48,'alto saxophone','Selmer','SBA Alto','M51316','',1,300,200,'5-6 pads plus neck cork',0,0,'For CC sale - estimated approx £200-250 inc materials',1,4,'2023-10-14',0,0,0,0,NULL,NULL,NULL,NULL,1,'2023-08-30 10:35:13','2023-10-26 16:54:13','2023-10-27 10:10:56'),(103,'collected','2335004',49,'b♭ clarinet','Buffet','R13','299254','',1,60,40,'',0,0,'CC sale - minor adjustments - for RESALE',1,4,'2023-09-09',0,0,1,60,40,0,0,'Regulate\nRe-seat \nTes',1,'2023-08-31 11:40:27','2023-09-06 13:57:10','2023-09-16 08:13:31'),(104,'collected','2335005',50,'alto saxophone','Premier','Alto','n/a','',1,240,160,'1-2 pads\nneck cork',0,0,'accident damage/service 3-4 hours etc..',1,4,'2023-09-14',0,-120,1,120,80,0,0,'Remove the dent on the top octave post\nStraighten the octave lever and right hand guard\nRe-seat\nRegulate\nTes',1,'2023-08-31 12:41:01','2023-09-12 11:52:15','2023-10-05 10:50:36'),(112,'collected','2336001',52,'alto saxophone','conn selmer','alto sax','8032141','',1,90,60,'',0,0,'solder c# key and change pad',1,4,'2023-09-23',0,0,0,0,NULL,NULL,NULL,'Re-solder the bottom low C# post\nReplace the Low C# pad\nRegulate \nRe-seat\nTes',1,'2023-09-07 09:39:46','2023-09-22 16:10:38','2023-09-23 08:59:13'),(113,'collected','2336002',53,'alto saxophone','Dixon','alto','n/a','',1,60,40,'',0,0,'change neck cork, adjustments as seen. do as needed - if it goes to 90 mins no problem\nCan we do Sat 9th Sept??',1,4,'2023-09-12',0,0,1,60,40,0,0,'replace neck cor',1,'2023-09-07 12:06:25','2023-09-12 09:47:27','2023-09-16 08:13:42'),(114,'collected','2336003',54,'flute','Azumi','AZ2','n/a','',1,300,200,'',0,0,'Full service, change head cork, maybe 1/2 pads if needed',1,4,'2023-10-12',0,-30,1,270,180,0,0,'Replace head cork, E pad, A pad\nremove the dent on the body and head joint\nPolish \nClean \nOil\nRegulate\nRe-seat Test',1,'2023-09-07 15:21:39','2023-10-11 09:08:33','2023-10-12 11:45:17'),(115,'collected','2336004',55,'alto saxophone','TJ','CLassic','n/a','',1,60,40,'',0,0,'oil/regulate etc',1,4,'2023-09-15',0,-30,1,30,20,0,0,'Replace some foot cork\nRegulate\nRe-seat\nOil Tes',1,'2023-09-07 16:26:42','2023-09-14 09:54:28','2023-09-19 16:46:10'),(116,'collected','2337001',56,'bass saxophone','no repairer','no repairer','n/a','',1,480,320,'',0,0,'no repairer onsite',1,4,'2023-10-19',0,0,0,0,NULL,NULL,NULL,NULL,1,'2023-09-12 09:50:42','2023-10-18 09:18:02','2023-10-18 09:19:20'),(117,'collected','2337002',51,'b♭ clarinet','buffet','E13','-','',1,240,160,'',0,0,'previously seen - to be done on the day',1,4,'2023-10-13',0,-30,1,210,140,0,0,'Re-fit the tenon \nPolish \nClean\nOil\nRegulate\nRe-seat Test',1,'2023-09-12 11:19:26','2023-10-13 14:36:30','2023-10-13 16:26:44'),(118,'collected','2337003',57,'alto saxophone','JP ','alto','-','',1,60,40,'',0,0,'check keys sealing/regulation etc reseat pads',1,4,'2023-09-23',0,0,0,0,NULL,NULL,NULL,'Replace the foot cork throughout the instrument\nRe-seat\nRegulate\nOi\nTest',1,'2023-09-12 12:24:38','2023-09-12 15:53:42','2023-09-26 16:48:00'),(119,'collected','2337004',58,'flute','Pearl','665','-','previously seen - all in one day',1,180,120,'',0,0,'previously seen - July 2023\napprox 3 pads - check trill keys/bumpers?',1,4,'2023-10-31',0,0,0,0,NULL,NULL,NULL,'Replace Trill D#, D, Thumb Bb and C#\nOil\nRegulate\nRe-seat Test',1,'2023-09-12 12:34:18','2023-10-31 13:40:16','2023-11-01 12:10:48'),(120,'collected','2337005',59,'soprano saxophone','Yamaha','YSS8875EX','007973','',1,60,40,'',0,0,'prep for resale - minimal adjustments/clean needed',1,4,'2023-09-30',0,0,0,0,NULL,NULL,NULL,'Clean\nOil\n Regulate\nRe-seat\nTest',1,'2023-09-14 11:36:32','2023-09-21 10:53:41','2023-09-22 12:39:22'),(121,'collected','2337006',60,'flute','Yamaha','YFL211s','047879','',1,60,40,'',0,0,'minimum to improve\nhead cork and regulation etc',1,4,'2023-10-07',0,0,0,0,NULL,NULL,NULL,'Replace the head cork\nRemove the dent in the head joint\nRegulate\nRe-seat\nOil\nest',1,'2023-09-14 12:56:48','2023-09-16 08:21:52','2023-10-05 12:40:57'),(123,'collected','2337008',62,'b♭ clarinet','buffet','R13','335921','',1,240,160,'',0,0,'3--4 hour clean/oil/polish for resale. Change tenon cork as needed',1,4,'2023-10-14',0,-30,1,210,140,0,0,'Replace the top tenon cork\nPolish\nClean\nOil\nRegulate\nRe-seat\nTes',1,'2023-09-15 15:34:30','2023-10-12 15:00:10','2023-10-17 14:44:45'),(124,'collected','2338001',63,'b♭ clarinet','Buffet','B12','439157','',1,60,40,'',0,0,'minimum service - 1 pad, 1 tenon cork',1,4,'2023-10-14',0,0,0,0,NULL,NULL,NULL,'Replace the F# ring key pad and bottom tenon cork\nRegulate\nRe-seat Test',1,'2023-09-19 09:21:59','2023-10-10 10:09:47','2023-11-02 15:34:30'),(125,'collected','2338002',64,'b♭ clarinet','buffet','E13','K141306','',1,60,40,'',0,0,'minimum service - oil wood, change register pad',1,4,'2023-09-30',0,0,0,0,NULL,NULL,NULL,'Oil the wood \nReplace the Reg. pad\nRegulate\nRe-seat \nTes',1,'2023-09-19 10:11:13','2023-09-29 09:53:03','2023-10-05 10:50:48'),(126,'collected','2338003',65,'oboe','JP','student','ends 0545','',1,150,100,'',0,0,'2/3 pads, reseat/regulate etc make play - expecting 2-2.5 hours approx',1,4,'2023-10-28',0,0,0,0,NULL,NULL,NULL,'Replace CG#, F bis, C#\nStraighten keys\nRegulate\nRe-seat\nTest',1,'2023-09-19 16:51:33','2023-10-17 15:36:36','2023-10-24 09:21:14'),(127,'collected','2338004',65,'oboe','JP','Student','ends 0546','',1,180,120,'',0,0,'5/6 pads, straighten bent keywork etc, reseat/regulate. expecting 3hours plus materials',1,4,'2023-10-28',0,0,0,0,NULL,NULL,NULL,'Replace C, G#, F bis, Low B, C#\nStraighten keys\nRegulate\nRe-seat\nTes',1,'2023-09-19 16:52:40','2023-10-17 15:36:11','2023-10-24 09:21:18'),(129,'collected','2338006',67,'flute','Trevor James','Cantabile II gold lip','P40025','',1,120,80,'',0,0,'regulate, clean and polish for resale (cc sale) change head cork',1,4,'2023-10-14',0,0,0,0,NULL,NULL,NULL,'Polish\nClean\nOil\nRegulate\nRe-seat\nTes',1,'2023-09-20 10:16:09','2023-10-12 11:42:39','2023-10-13 16:26:58'),(130,'collected','2338007',68,'piccolo','Trevor James','5x','51062','',1,90,60,'',0,0,'regulate/general check-over/clean',1,4,'2023-09-23',0,0,0,0,NULL,NULL,NULL,NULL,1,'2023-09-20 11:05:49','2023-09-21 16:21:14','2023-09-26 16:48:10'),(131,'collected','2338008',41,'tenor saxophone','Yamaha','YTS62','031050','',1,480,320,'',0,0,'Full service, realign bell, replace missing felts/corks, change 2+ pads as needed, Eb guard - resolder, regulate, oil, reseat, clean',1,4,'2023-10-28',0,-60,1,420,280,0,0,'Re-solder the Eb guard post\nReplace High F and Eb pad\nClean\nOil \nRegulate\nRe-seat\nTes',1,'2023-09-21 12:19:26','2023-10-16 16:50:39','2023-11-02 15:34:39'),(132,'collected','2338009',69,'alto saxophone','Adolphe sax','alto','-','',1,120,80,'',0,0,'spring broken - assess on arrival',1,4,'2023-10-25',0,-30,1,90,60,0,0,'Regulate\nRe-seat\nImprove the the dent in the body and bell\nTes',1,'2023-09-21 12:33:10','2023-10-25 11:25:00','2023-10-25 14:35:20'),(133,'collected','2339001',72,'bassoon','N/a','N/A','N/a','',1,240,160,'',0,0,'service, seat pads etc. Bottom/boot joint especially. Seen 22/09',1,4,'2023-11-07',0,-30,1,210,140,0,0,'Replace wing joint, long joint to butt joint tenon cork\nOil\nRegulate\nRe-seat\nTes',1,'2023-09-26 08:54:37','2023-11-01 17:20:06','2023-11-08 10:48:32'),(134,'collected','2339002',70,'alto saxophone','Yamaha','E1 Alto','J92103','',1,90,60,'',0,0,'clean pads, reseat etc. Poss change 1 pad if needed',1,4,'2023-11-08',0,0,0,0,NULL,NULL,NULL,'Replace neck cork\nClean pads\nRegulate\nRe-seat\nTes',1,'2023-09-26 08:55:44','2023-11-08 13:47:05','2023-11-09 12:08:50'),(135,'collected','2339003',71,'b♭ clarinet','Buffet','B12','n/a','',1,60,40,'',0,0,'change 2 tenon corks, check-over, regulate and adjust as needed',1,4,'2023-11-04',0,0,0,0,NULL,NULL,NULL,'Replace top tenon cork\nReplace foot cork as needed\nRegulate\nRe-seat\nTes',1,'2023-09-26 08:56:39','2023-11-01 11:18:36','2023-11-08 10:48:39'),(136,'collected','2339004',74,'alto saxophone','Yanagisawa','A902','tbc','',1,180,120,'',0,0,'PREBOOKED - QUOTE ON ARRIVAL SAME DAY IF POSS',1,4,'2023-10-27',0,-60,1,120,80,0,0,'Clean the High F# and High F pad\nOil\nRegulate\nRe-seat\nTes',1,'2023-09-26 16:20:09','2023-10-27 15:33:58','2023-11-01 12:11:13'),(137,'collected','2339005',74,'tenor saxophone','Yamaha','YTS875EX','tbc','',1,180,120,'',0,0,'PREBOOKED - QUOTE ON ARRIVAL SAME DAY IF POSSIBLE',1,4,'2023-10-27',0,0,1,300,200,0,0,'Do what we can - up to 5hour\n\nClean\nOil\nReplace foot cork as needed\nRegulate\nRe-seat\nTes',1,'2023-09-26 16:20:55','2023-10-27 15:22:00','2023-11-01 12:11:30'),(138,'collected','2339006',76,'flute','Pearl','665','23351','',1,120,80,'',0,0,'3-4 pads, head cork, clean, reseat/regulate etc FOR RESALE',1,4,'2023-10-28',0,0,0,0,NULL,NULL,NULL,'Polish \nClean\noil\nRegulate\nRe-seat\nTes',1,'2023-09-28 12:02:46','2023-10-20 15:15:57','2023-10-26 14:37:11'),(139,'collected','2339007',77,'b♭ clarinet','Buffet','B12','310540','',1,180,120,'',0,0,'Change 7 pads, 3 tenon corks, service PRE BOOKED',1,4,'2023-10-28',0,0,0,0,NULL,NULL,NULL,'Replace F/C, E/B, F#/C#, Ab/Eb, inline Bb, F# ring, C trill pads/.\nReplace all three tenon cork\nReplace foot cork as needed\nRegulate\nRe-seat\nTes\n',1,'2023-09-30 10:27:58','2023-10-24 13:45:44','2023-11-01 12:11:36'),(140,'collected','2340001',78,'soprano saxophone','Yamaha','YSS62R','10442','',1,60,40,'',0,0,'clean/prep for resale (cc)',1,4,'2023-10-28',0,-30,1,30,20,0,0,'Regulate\nRe-seat \nClean\nTes',1,'2023-10-03 11:08:07','2023-10-17 09:38:36','2023-10-17 14:44:59'),(142,'collected','2340003',80,'alto saxophone','Keilwerth','SR90RB','102198','',1,420,280,'',0,0,'Full service and clean for resale, pads OK',1,4,'2023-11-11',0,0,0,0,NULL,NULL,NULL,'Replace foot cork as needed\nClean \nOil\nRegulate\nRe-seat\nTes',1,'2023-10-05 09:39:27','2023-11-10 10:08:06','2023-11-17 12:15:33'),(143,'collected','2340004',81,'flute','Eastman','ch flute','12690626','',1,120,80,'',0,0,'regulte/adjust/general service using curved head',1,4,'2023-10-20',0,-60,1,60,40,0,0,'Re-fit curved head tenon\nRegulate\nRe-seat\nTes',1,'2023-10-06 09:36:46','2023-10-20 14:50:34','2023-10-24 09:21:58'),(144,'collected','2340005',82,'piccolo','Pearl','ss850be','50-0072','',1,300,200,'',0,0,'service, clean/polish, change pads as needed etc',1,4,'2023-10-28',0,-30,1,270,180,0,0,'Polish \nClean \nOil\nRegulate\nRe-seat\nTes',1,'2023-10-06 09:37:45','2023-10-21 07:59:24','2023-10-26 14:37:23'),(145,'collected','2340006',83,'b♭ clarinet','Buffet','E13','K113685','',1,60,40,'',0,0,'straighten keys, check over',1,4,'2023-10-13',0,-30,1,30,20,0,0,'straighten keys\nRegulate \nRe-seat\nTes',1,'2023-10-06 09:39:47','2023-10-12 09:56:12','2023-10-13 16:27:09'),(147,'collected','2341002',85,'alto saxophone','Buescher/Elkhart','Alto','96081','call on 07462900873',1,180,120,'',0,0,'general servicing 2-3 hours',1,4,'2023-10-26',0,-60,1,120,80,0,0,'Resolder the bell key guard\nRegulate\nRe-seat\nTes',1,'2023-10-10 15:25:56','2023-10-25 13:53:28','2023-10-26 14:37:38'),(148,'collected','2341003',86,'alto saxophone','Yamaha','YAS280','TBC','',1,180,120,'',0,0,'General checkover - issues B-Bb low poss rod? 18mth old sax NOT SEEN',1,4,'2023-11-04',0,-60,1,120,80,0,0,'Replace Low C# pad\nRegulate\nRe-seat\nTes',1,'2023-10-10 15:48:00','2023-11-02 14:35:57','2023-11-08 10:48:45'),(149,'complete','2341004',87,'flute (other)','Monnig','wooden','15124','',1,150,100,'',0,0,'MAX COST £100 inc materials - 2-3 pads, clean head joint, oil etc',1,4,'2023-11-11',0,-60,1,90,60,0,0,'Polish the head joint\nRegulate\nRe-seat\nest\n',1,'2023-10-11 10:36:19','2023-11-08 10:31:29',NULL),(150,'collected','2341005',88,'tenor saxophone','Buffet','Evette','570554','',1,120,80,'',0,0,'school sax - min to make work. change 1 pad, oil/reseat/regulate as needed',1,4,'2023-10-29',0,-30,1,90,60,0,0,'Replace octave pad\nRegulate\nRe-seat\nTes',1,'2023-10-11 11:05:26','2023-10-26 15:31:14','2023-11-01 12:11:46'),(151,'collected','2341006',89,'b♭ clarinet','Buffet','E13','K231565','',1,240,160,'',0,0,'clean/service, change 1 pad, RH action - straighten, clean body and tone holes',1,4,'2023-11-10',0,0,0,0,NULL,NULL,NULL,'Polish \nClean\nOil\nRegulate\nRe-seat\nTes',1,'2023-10-12 10:18:33','2023-11-03 16:12:22','2023-11-08 10:48:52'),(152,'collected','2341007',83,'b♭ clarinet','Buffet','B12','432101','',1,90,60,'',0,0,'min service - 3/4 pads corks as needed, clean pads',1,4,'2023-10-28',0,0,0,0,NULL,NULL,NULL,'Replace Ab/Eb pad\nReplace foot cork as needed\nRegulate\nRe-seat\nTes',1,'2023-10-13 09:29:04','2023-10-26 13:49:26','2023-10-27 10:11:40'),(154,'collected','2341008',90,'tenor saxophone','TJ','SR Evo','10256','',1,120,80,'',0,0,'reseat pads clean neck receiver PREBOOKED',1,4,'2023-10-31',0,0,0,0,NULL,NULL,NULL,'Re-fit the neck\nWipe over\nRegulate\nRe-seat\nTes',1,'2023-10-13 11:01:07','2023-11-01 10:01:42','2023-11-02 15:33:44'),(155,'collected','2341009',91,'a clarinet','Yamaha','YCL650A','04630','',1,240,160,'',0,0,'6-8 pads FOR RESALE light clean etc..',1,4,'2023-11-17',0,0,0,0,NULL,NULL,NULL,'Replace Ab/Eb, F#/C#, B/F#, Bb/Eb, G#/C# and F# ring key\nPolish\nOil\nClean\nRegulate\nRe-seat\nTes',1,'2023-10-13 12:44:32','2023-11-16 10:26:39','2023-11-17 12:15:41'),(156,'collected','2341010',92,'flute','Pearl','525','36801','',1,180,120,'',0,0,'2-3 pads refit tenons, head cork regulate etc',1,4,'2023-11-10',0,-30,1,150,100,0,0,'Re-fit the foot joint tenon\nOil\nRegulate\nRe-seat\nTes',1,'2023-10-13 15:15:58','2023-11-08 14:45:22','2023-11-22 15:41:39'),(157,'collected','2341011',93,'b♭ clarinet','B&H','Emperor','186527','',1,420,280,'',0,0,'repad leather pads, all tenon corks',1,4,'2023-11-30',0,0,0,0,NULL,NULL,NULL,'Re-pad skin pad\nReplace all the material\nTes',1,'2023-10-14 11:17:06','2023-11-28 11:55:44','2023-11-28 13:48:39'),(158,'collected','2342001',94,'soprano saxophone','Selmer','MkVI ','tbc','',1,900,600,'',0,0,'REPAED prebooked',1,4,'2023-11-25',0,0,1,900,600,0,0,'Repad\nReplace all the pads and materials\nPolish \nClean\nOil\nRegulate\nTe',1,'2023-10-17 09:59:28','2023-11-25 09:07:49','2023-11-25 11:31:05'),(159,'collected','2342002',95,'b♭ clarinet','Buffet','E13','tbc','',1,240,160,'',0,0,'UNSEEN QUOTE ON ARRIVAL allowed 4hours in diary',1,4,'2023-11-17',0,0,1,420,280,0,0,'Re-pad with skin pa\nOil\nClean\nRegulate\nTest',1,'2023-10-19 10:09:46','2023-11-17 15:04:15','2023-11-28 13:48:47'),(160,'collected','2342003',96,'flute','Pearl','665','37133','',1,180,120,'',0,0,'3-5 pads, tenons. clicking thumb key, regulate/reseat etc',1,4,'2023-11-18',0,0,0,0,NULL,NULL,NULL,'Replace C, A, B, G1 and D# pad\nOil\nRegulate\nRe-seat\nTes',1,'2023-10-20 16:20:52','2023-11-17 14:46:04','2023-11-28 13:48:53'),(161,'collected','2342004',97,'alto saxophone','Yamaha','YAS25','tbc','',1,120,80,'',0,0,'reseat/regulte',1,4,'2023-11-11',0,0,0,0,NULL,NULL,NULL,'Oil\nRegulate\nRe-seat\nTes',1,'2023-10-21 10:33:49','2023-11-10 14:04:19','2023-11-10 16:52:58'),(162,'collected','2342005',98,'alto saxophone','Conn','silver alto','tbc','',1,420,280,'',0,0,'QUOTE on arrival full service needed',1,4,'2023-12-23',0,-60,1,360,240,0,0,'wipe over, not full polish\nClean\nOil \nRegulate\nRe-seat\nTes',1,'2023-10-21 11:16:32','2023-12-22 10:30:05','2024-01-02 16:35:18'),(163,'collected','2343001',98,'soprano saxophone','Conn selmer','Pss380','129005','',1,120,80,'',0,0,'',1,4,'2023-10-28',0,-30,1,90,60,0,0,'Regulate\nRe-seat\nTest',1,'2023-10-24 08:59:56','2023-10-26 13:50:09','2023-11-01 12:11:57'),(164,'collected','2343002',99,'alto saxophone','Yamaha','YAS25','tbc','',1,420,280,'',0,0,'PREBOOKED 5 pads ish neck cork and neck crew, oil regulate, reseat etc',1,4,'2023-12-23',0,-60,1,360,240,0,0,'Replace High F#, F, E, Eb, D, Eb Low B\nReplace neck crok\nClean\nOil\nRegulate\nRe-seat\nTes',1,'2023-10-24 15:01:28','2023-12-22 13:05:24','2024-01-02 16:35:37'),(165,'collected','2343003',100,'b♭ clarinet','Uebel','Advantage','166505','',1,240,160,'',0,0,'do in day. Change pads as needed (2-3), full service, clean/polish PREBOOKED',1,4,'2023-12-02',0,0,0,0,NULL,NULL,NULL,'Replace Reg. pad\nPolish \nOil\nRegulate\nRe-seat\nTes',1,'2023-10-25 09:28:49','2023-12-01 16:21:58','2023-12-07 12:47:58'),(166,'collected','2343004',101,'alto saxophone','Yanagisawa','A992','tbc','',1,720,480,'',0,0,'repad PREBOOKED',1,4,'2023-12-02',0,0,0,0,NULL,NULL,NULL,'Repad\nClean \nOil\nTes',1,'2023-10-25 09:35:54','2023-12-01 11:08:39','2023-12-01 17:20:27'),(167,'collected','2343005',101,'tenor saxophone','Yamaha','YTS82Z','tbc','',1,420,280,'',0,0,'change 7 pads service PREBOOKED',1,4,'2023-12-02',0,0,0,0,NULL,NULL,NULL,'Replace High E, High Eb, High D, Eb, both octave pads\nReplace neck cor\nClean\nOil\nRegulate\nRe-seat\nTest',1,'2023-10-25 09:37:26','2023-12-01 11:10:46','2023-12-01 17:20:20'),(168,'collected','2343006',102,'alto saxophone','TJ','Classic','D20988','',1,120,80,'',0,0,'change 2 pads and neck cork',1,4,'2023-11-08',0,0,0,0,NULL,NULL,NULL,'Replace the neck cork\nRegulate\nRe-seat\nOi\nTest\n',1,'2023-10-25 12:55:00','2023-11-07 11:11:40','2023-11-09 12:09:01'),(169,'collected','2343007',103,'tenor saxophone','Yamaha','YTS62','tbc','',1,300,200,'',0,0,'may need 1-2 pads, general service/oil etc',1,4,'2023-12-06',0,0,0,0,NULL,NULL,NULL,'Clean \nOil \nRegulate\nRe-seat\nTes',1,'2023-10-25 14:12:03','2023-12-05 17:31:30','2023-12-07 12:48:04'),(170,'collected','2343008',104,'alto saxophone','TJ','Signature alto','tbc','',1,120,80,'',0,0,'change 6 pads PRE BOOKED oil/regulte etc',1,4,'2023-11-09',0,0,0,0,NULL,NULL,NULL,'Replace High Eb, F, both octave pads\nRegulate\nRe-seat\nOil\nTes',1,'2023-10-26 09:31:44','2023-11-09 10:07:18','2023-11-10 10:58:17'),(171,'collected','2343009',105,'flute','TJ','10xe','45401','',1,180,120,'',0,0,'bent key? 4 pads etc regulate etc',1,4,'2023-11-18',0,0,0,0,NULL,NULL,NULL,'Replace D#, G#, A and thumb B pad\nRegulate\nRe-seat\nTes',1,'2023-10-26 11:45:21','2023-11-16 09:57:39','2023-11-17 12:15:54'),(172,'collected','2343010',106,'flute','Pearl','505','150262','',1,240,160,'',0,0,'PREBOOKED Service, change 4 pads',1,4,'2023-11-22',0,-120,1,60,40,0,0,'Re-fit all tenon\nRegulate\nRe-seat\nTes',1,'2023-10-28 08:56:36','2023-11-22 13:44:12','2023-11-25 11:31:17'),(173,'collected','2343011',107,'soprano saxophone','Yanagisawa','sop','tbc','',1,300,200,'',0,0,'unseen f-d issues plus service',1,4,'2024-01-16',0,-180,1,120,80,0,0,'Regulate\nRe-seat\nAdjust spring tensio\nTest',1,'2023-10-28 10:12:13','2024-01-16 10:22:44','2024-01-16 12:04:45'),(174,'collected','2343012',107,'tenor saxophone','Selmer','S80II','?','',1,420,280,'',0,0,'UNSEEN QUOTE WHEN HERE',1,4,'2023-12-09',0,0,1,360,240,0,0,'Replace Side Bb pad\nReplace neck cor\nClean\noil\nRegulate\nRe-seat\nTest',1,'2023-10-28 10:23:29','2023-12-08 11:29:55','2023-12-09 08:59:59'),(175,'collected','2344001',108,'tenor saxophone','Conn','10M Tenor','-','',1,120,80,'',0,0,'change 2 pads',1,4,'2023-12-06',0,0,0,0,NULL,NULL,NULL,'Replace low B, High F#\nReplace foot cork as neede\nOil\nRegulate\nRe-seat\nTest',1,'2023-10-31 10:22:52','2023-12-06 12:34:42','2023-12-07 12:48:14'),(176,'collected','2344002',109,'soprano saxophone','Yamaha','YSS475','047145','',1,120,80,'',0,0,'UNSEEN - Sticking Bb key - checkover - new 16/10/23',1,4,'2023-11-07',0,0,0,0,NULL,NULL,NULL,NULL,1,'2023-10-31 10:54:58','2023-11-08 10:48:20','2023-11-08 10:49:06'),(177,'collected','2344003',110,'alto saxophone','Apollo','Alto','44213','',1,120,80,'',0,0,'re-cork crook, regulate - min to improve',1,4,'2023-12-02',0,-60,1,60,40,0,0,'Replace neck cork\nThe pad can\'t be re-seat because the pad have a metal ring around\nDid the regulation to improve\nTes',1,'2023-11-01 10:23:51','2023-12-01 17:15:29','2023-12-07 12:48:21'),(178,'collected','2344004',20,'alto saxophone','Selmer','Balanced action','26660','',1,360,240,'',0,0,'strip down clean reseat etc for resale',1,4,'2023-12-09',0,0,0,0,NULL,NULL,NULL,'Full service\nReplace High F pad\nReplace neck cork \nClean\nOil\nRegulate\nRe-seat\nTes',1,'2023-11-01 10:48:18','2023-12-07 11:03:58','2023-12-07 12:48:29'),(179,'collected','2344005',20,'soprano saxophone','Conn selmer','liberty','40541159','',1,300,200,'',0,0,'strip down, reseat/regulate etc for resale',1,4,'2023-12-09',0,0,1,300,200,0,0,'Bump to Jan if needed!\nHave moved to 26th Janon system. N\n\nReplace neck cork\nClean \nOil\nRegulate\nRe-seat\nTes',1,'2023-11-01 10:49:05','2024-01-27 09:13:26','2024-01-31 11:18:21'),(180,'collected','2344006',112,'e♭ clarinet','Buffet','E11','-','',1,60,40,'',0,0,'tweaks and both tenons tight',1,4,'2023-11-04',0,0,0,0,NULL,NULL,NULL,'Replace A/D ring key pad\nRe-fir both tenon \nRegulate\nRe-seat\nTes',1,'2023-11-01 16:14:14','2023-11-02 14:32:33','2023-11-17 12:16:01'),(181,'collected','2344007',112,'a clarinet','Buffet','A','-','',1,420,280,'',0,0,'Repad',1,4,'2023-12-16',0,0,0,0,NULL,NULL,NULL,'Brown leather pad\nRe-pa',1,'2023-11-01 16:14:50','2023-12-15 10:58:19','2023-12-22 11:37:35'),(182,'collected','2344008',112,'e♭ clarinet','LaFleur','Eb','13060','',1,60,40,'',0,0,'set up for resale',1,4,'2023-11-04',0,-30,1,30,20,0,0,'Regulate\nRe-seat\nTes',1,'2023-11-01 16:17:25','2023-11-02 15:15:17','2023-11-17 12:15:24'),(185,'collected','2344009',113,'alto saxophone','TJ','CLassic','-','',1,90,60,'',0,0,'min to improve',1,4,'2023-11-04',0,0,0,0,NULL,NULL,NULL,'Replace neck cork\nRegulate\nRe-seat\nTes',1,'2023-11-01 16:48:58','2023-11-02 12:51:52','2023-11-28 13:49:05'),(186,'collected','2344010',114,'alto saxophone','Yamaha','YAS280','N76294 ','',1,240,160,'',0,0,'resale - customer on hold',1,4,'2023-12-16',0,0,1,300,200,0,0,'Replace High E and High F\nClean\nOil\nRegulate\nRe-seat\nTes',1,'2023-11-01 17:06:06','2023-12-13 13:46:59','2023-12-20 10:16:29'),(188,'collected','2344012',116,'b♭ clarinet','Noblet','Artist','AB10301','',1,420,280,'',0,0,'Repad in leather please',1,4,'2023-12-16',0,0,0,0,NULL,NULL,NULL,'Re-pad leather pad\nR',1,'2023-11-03 12:06:42','2023-12-15 17:04:03','2023-12-22 11:37:41'),(190,'collected','2344014',117,'b♭ clarinet','Leblanc','Esprit','-','',1,420,280,'',0,0,'PREBOOKED Repad in leather',1,4,'2023-12-21',0,0,0,0,NULL,NULL,NULL,'Brown leather re-pad\nReplace middle tenon cork',1,'2023-11-04 10:25:37','2023-12-20 15:45:06','2023-12-22 11:37:46'),(191,'collected','2344015',118,'tenor saxophone','Yamaha','YTS62','E92982','',1,120,80,'',0,0,'Change 3 pads, regulate etc...',1,4,'2023-12-09',0,0,0,0,NULL,NULL,NULL,'Replace G, High F#, E pad\nRegulate\nRe-seat\nTes',1,'2023-11-04 10:34:27','2023-12-08 17:35:53','2023-12-12 12:48:44'),(193,'collected','2345001',119,'soprano saxophone','Yamaha','YSS875exb','-','',1,180,120,'',0,0,'PLUS R13 PRESTIGE coming - b over break plus checkover, Soprano - G# sticky plus checkover',1,4,'2023-12-12',0,0,0,0,NULL,NULL,NULL,'Sop.\nReplace Low C pad\nRemove the dent in the bell and body as best as possible\nClean F# pad and G# pad\nRegulate \nRe-seat\nTest\n\nCl.\nBrush over\nRegulate\nRe-seat\nTes',1,'2023-11-07 11:24:21','2023-12-12 14:27:06','2023-12-13 12:23:41'),(194,'collected','2345002',120,'alto saxophone','Odyssey','alto','-','',1,120,80,'',0,0,'neck cork, foot cork, regulate/reseat min school instrument',1,4,'2023-12-23',0,0,0,0,NULL,NULL,NULL,'Replace neck cork\nApply missed foot cork\nRegulate\nRe-seat\nTes',1,'2023-11-07 15:07:06','2023-12-05 12:09:27','2023-12-20 10:16:43'),(195,'collected','2346001',121,'alto saxophone','Yamaha','YAS62','-','',1,420,280,'',0,0,'PREBOOK service, change up to 4 pads. Check low C-Bb area. Oil regulate etc.',1,4,'2023-12-16',0,-60,1,360,240,0,0,'Replace High F, Eb, octave pad\nClean \nOil\nRegiulate\nRe-seat\nTest',1,'2023-11-14 11:27:32','2023-12-16 09:06:59','2024-01-04 15:09:46'),(196,'collected','2346002',122,'b♭ clarinet','Buffet','Prodige','-','',1,120,80,'',0,0,'nylon pin, change 3-4 pads, clean others, reseat/regulate etc',1,4,'2023-11-25',0,0,0,0,NULL,NULL,NULL,'Replace F#/C#, B/F#, G#/C#, side Bb/Eb and alt F# pads\nReplace E/B lever pin\nRegulate\nRe-seat\nTes',1,'2023-11-15 13:45:57','2023-11-22 10:14:01','2023-11-28 13:49:15'),(197,'collected','2346003',124,'b♭ clarinet','Yamaha ','Plutus','140023','',1,240,160,'',0,0,'PREBOOKED tarnished keywork, clean polish etc - quote on arrival',1,4,'2024-01-20',0,0,0,0,NULL,NULL,NULL,'Replace Eb/Ab pad\nPolish\nClean\nOi\nRegulate\nRe-seat\nTes',1,'2023-11-16 09:45:31','2024-01-19 10:42:06','2024-01-23 17:15:00'),(198,'collected','2346004',65,'oboe','JP','oboe','-','',1,180,120,'',0,0,'middle tenon, change 5-6 pads,  straighten 2nd octave, reagulate/reseat etc',1,4,'2024-01-13',0,0,0,0,NULL,NULL,NULL,'Replace Low B, F, F bis and Eb pad\nRegulate\nRe-seat\nStraighten 2nd octav\nTest',1,'2023-11-16 12:35:39','2024-01-03 15:27:00','2024-01-10 10:42:55'),(199,'collected','2346005',65,'oboe','B&H','regent','-','',1,120,80,'',0,0,'change 2 pads, work as required, source/replace pivot screw right hand action - invoice to 3hours plus parts',1,4,'2024-01-13',0,0,0,0,NULL,NULL,NULL,'Replace C pad \nReplace the lower right hand post\nRegulate\nRe-seat\nTes',1,'2023-11-17 10:10:08','2024-01-03 15:28:44','2024-01-10 10:42:59'),(200,'collected','2346006',125,'alto saxophone','TJ','`Classic','D18186','',1,180,120,'',0,0,'up to 5 pads, neck screw change, dent in upper body, regulate etc, playable condition only',1,4,'2024-01-06',0,0,0,0,NULL,NULL,NULL,'Replace High F, E and Low C#\nReplace and supply neck screw\nRemove the dents on the octave, body and the bel\nRegulate\nRe-seat\nTest',1,'2023-11-17 10:40:17','2024-01-09 10:56:59','2024-01-10 15:43:20'),(201,'collected','2346007',126,'flute','Buffet','861e','707913','',1,180,120,'',0,0,'4-5 pads, fit tenons, regulate etc',1,4,'2023-12-23',0,0,0,0,NULL,NULL,NULL,'Replace F and A pad\nRe-fit both tenon\nRegulate\nRe-seat\nTRest',1,'2023-11-17 13:08:03','2023-12-20 15:45:52','2023-12-22 11:37:53'),(202,'collected','2347001',127,'flute','Miyazawa','101se','8400','',1,300,200,'',0,0,'4-5 hours, clean, change 2-3 pads as needed, regulate/reseat, new head cork?',1,4,'2024-01-05',0,0,1,300,200,0,0,'Replace head cork\nPolish\nClean \nRegulate\nRe-seat\nTes',1,'2023-11-21 10:18:13','2024-01-05 10:40:32','2024-01-23 17:15:05'),(203,'collected','2347002',128,'alto saxophone','Martin','Alto','-','',1,120,80,'',0,0,'reseat/regulate, oil min service replace neck cork',1,4,'2024-01-16',0,0,0,0,NULL,NULL,NULL,'Replace neck cork\nRegulate\nRe-seat\nOil\nTes',1,'2023-11-21 17:31:00','2024-01-12 17:18:22','2024-01-23 17:56:43'),(204,'collected','2347003',129,'alto saxophone','Yamaha','YAS25','106107','',1,120,80,'',0,0,'general checkup/service, change 1 pad',1,4,'2024-01-03',0,0,0,0,NULL,NULL,NULL,'Regulate\nRe-seat\nTes',1,'2023-11-22 11:14:01','2024-01-03 10:25:41','2024-01-04 15:09:54'),(205,'collected','2347004',130,'alto saxophone','Earlham','alto','-','',1,60,40,'',0,0,'min to improve reseat pads same day',1,4,'2024-01-09',0,0,0,0,NULL,NULL,NULL,'Regulate\nRe-seat\nTes',1,'2023-11-23 17:27:43','2024-01-09 11:55:53','2024-01-10 10:43:10'),(206,'collected','2347005',131,'flute','Miyazawa','MS95SE','36625','',1,420,280,'',0,0,'Repad/cleran/polish',1,4,'2024-01-06',0,0,0,0,NULL,NULL,NULL,'Re-pad\nRe-fit both tenon\nTes',1,'2023-11-24 11:05:27','2024-01-09 10:39:21','2024-01-12 09:50:34'),(207,'collected','2347006',132,'alto saxophone','Yanagisawa','A901','280420','',1,60,40,'',0,0,'min to improve',1,4,'2023-12-01',0,0,0,0,NULL,NULL,NULL,'Adjust spring tension\nRegulate\nRe-seat\nTes',1,'2023-11-24 13:28:27','2023-11-28 11:53:56','2023-12-07 12:48:41'),(208,'collected','2347007',133,'tenor saxophone','TJ','Classic II','-','',1,120,80,'',0,0,'min service, check bell, poss 2x bell pads',1,4,'2024-01-20',0,0,0,0,NULL,NULL,NULL,'Regulate\nRe-seat\nRe-fit neck\nTes',1,'2023-11-24 13:41:32','2024-01-03 10:14:38','2024-01-23 17:13:25'),(209,'collected','2347008',133,'bass clarinet','Jupiter','1000','-','',1,120,80,'',0,0,'reseat pads, min to improve',1,4,'2024-01-20',0,0,0,0,NULL,NULL,NULL,'Regulate\nRe-seat\nTes',1,'2023-11-24 13:42:22','2024-01-12 12:35:08','2024-01-23 17:13:30'),(210,'collected','2347009',134,'alto saxophone','unknown','alto','-','',1,90,60,'',0,0,'minimal service - corks and a pad as needed - improve',1,4,'2024-01-11',0,0,1,90,60,0,0,'Coming about 2:30pm goingh to wait\nReplace Eb pad\nReplace neck cork and foot corks\nRegulate\nRe-seat\nTes',1,'2023-11-25 11:41:35','2024-01-10 16:44:00','2024-01-12 09:50:51'),(212,'collected','2348002',135,'flute','Yamaha','YFL312','-','',1,120,80,'',0,0,'service, straighten low C, remove body dent, regulate etc...',1,4,'2024-01-11',0,0,0,0,NULL,NULL,NULL,'Straighten Low C key\nRegulate\nRe-seat\nTes',1,'2023-11-30 12:03:22','2024-01-11 11:56:53','2024-01-23 17:15:11'),(213,'collected','2348003',136,'baritone saxophone','Chiltern','Bari','-','',1,180,120,'',0,0,'Service - will have note in case',1,4,'2024-01-10',0,0,0,0,NULL,NULL,NULL,'Regulate\nRe-seat\nWipe over\nTes',1,'2023-11-30 17:30:12','2024-01-10 10:25:55','2024-01-12 14:06:43'),(214,'collected','2348004',136,'tenor saxophone','Yanagisawa','tenor','-','',1,360,240,'',0,0,'Full service see note in case',1,4,'2024-01-20',0,0,0,0,NULL,NULL,NULL,'straighten the Eb, Low C rod\nClean \nOil\nRegulate\nRe-seat\nTes',1,'2023-11-30 17:30:50','2024-01-19 17:34:36','2024-01-23 17:13:38'),(215,'collected','2348005',136,'alto saxophone','Selmer','Ref 54 alto','-','',1,360,240,'',0,0,'ful service - note in case',1,4,'2024-01-20',0,0,1,360,240,0,0,'Replace High D and High Eb pad\nClean up the burn lacquer on Low B and Bb guard\nClean \nOil\nRegulate\nRe-seat\nTes',1,'2023-11-30 17:31:34','2024-01-24 10:27:59','2024-01-26 09:54:58'),(216,'collected','2348006',136,'b♭ clarinet','Yamaha','YCL650','-','',1,420,280,'',0,0,'repad',1,4,'2024-01-20',0,0,0,0,NULL,NULL,NULL,'Re-pad skin pa',1,'2023-11-30 17:32:06','2024-01-19 17:35:45','2024-01-23 17:13:45'),(217,'collected','2348007',137,'flute','Trevor James','10xe','54472','',1,180,120,'',0,0,'min service to improve (needs repad) change 2 pads as needed, regulate etc..',1,4,'2024-01-10',0,0,0,0,NULL,NULL,NULL,'Replace G# pad\nRegulate\nRe-seat\nOil\nTes',1,'2023-12-01 14:00:34','2024-01-10 10:15:00','2024-01-12 14:06:52'),(218,'collected','2348008',138,'tenor saxophone','Selmer','Mk VI','105621','',1,120,80,'',0,0,'for resale - regulate etc, wipeover',1,4,'2024-01-13',0,0,0,0,NULL,NULL,NULL,'Wipe over \nReplace neck cork\nRegulate\nRe-seat\nTesty',1,'2023-12-01 14:02:28','2024-01-02 16:17:29','2024-01-04 15:10:01'),(219,'collected','2349001',139,'soprano saxophone','Yamaha','YSS475','041044','',1,120,80,'',0,0,'resale regulate/clean over',1,4,'2024-01-20',0,0,0,0,NULL,NULL,NULL,'Regulate\nRe-seat\nWipe over\nTes',1,'2023-12-05 11:43:54','2024-01-17 10:15:19','2024-01-26 09:55:06'),(220,'collected','2349002',140,'flute','TJ','10xe','51597','',1,180,120,'',0,0,'change 4-5 pads if needed, service, no clean',1,4,'2024-01-30',0,-30,1,150,100,0,0,'Replace head cork\nOil\nRegulate\nRe-seat\nTes',1,'2023-12-05 14:28:46','2024-01-30 12:06:07','2024-01-31 13:50:34'),(221,'collected','2349003',141,'b♭ clarinet','Buffet','R13','361365','',1,150,100,'',0,0,'prep for resale clean etc',1,4,'2024-01-31',0,0,0,0,NULL,NULL,NULL,'Regulate\nRe-seat\nWipe over\nTes',1,'2023-12-06 11:32:58','2024-01-17 10:33:33','2024-01-23 17:13:57'),(222,'collected','2349004',142,'alto saxophone','Yamaha','YAS275','037988','',1,60,40,'',0,0,'min to improve - change high F pad',1,4,'2023-12-09',0,0,1,720,480,0,0,'do whatever is needed, have until end of Jan REPA\n\nRe-pad',1,'2023-12-07 14:29:07','2024-01-26 10:44:20','2024-01-31 11:18:30'),(224,'collected','2349006',144,'b♭ clarinet','Buffet','E13','-','',1,120,80,'',0,0,'3 tenon corks, 2-3 pads oil as needed etc',1,4,'2023-12-08',0,0,0,0,NULL,NULL,NULL,'Replace all tenon cork\nReplace C trill, Bb trill, Side F#\nRegulate\nRe-seat\nOil\nTes',1,'2023-12-08 13:54:14','2023-12-08 17:36:56','2023-12-09 08:59:51'),(225,'collected','2349007',145,'alto saxophone','TJ','Horn alto','S81119','',1,90,60,'',0,0,'accident damage',1,4,'2023-12-08',0,-30,1,60,40,0,0,'Straighten the Eb and C post\nRegulate\nRe-seat\nTes',1,'2023-12-08 13:55:00','2023-12-08 17:37:47','2023-12-12 12:48:57'),(226,'collected','2350001',146,'b♭ clarinet','Buffet','E12F','1246315','',1,60,40,'',0,0,'service inc corks',1,4,'2023-12-23',0,0,0,0,NULL,NULL,NULL,'Replace middle tenon cork\nRe-fit top tenon\nReglate\nRe-seat \nTest',1,'2023-12-12 11:12:37','2023-12-16 10:05:33','2024-01-10 10:43:23'),(227,'collected','2350002',147,'flute','Yamaha','YFL211','360605','',1,180,120,'',0,0,'change 3 pads, regulate etc...',1,4,'2024-01-11',0,0,0,0,NULL,NULL,NULL,'Replace G#, F and Low C pad\nRegulate \nRe-seat\nOil\nTes',1,'2023-12-12 12:53:38','2024-01-10 13:55:01','2024-01-23 17:15:18'),(228,'collected','2350003',148,'b♭ clarinet','Buffet','E11 France','B209811','',1,420,280,'',0,0,'LEATHER repad - check tenon corks, replace if needed',1,4,'2024-01-13',0,0,0,0,NULL,NULL,NULL,'Re-pad white leather\nTes',1,'2023-12-12 14:34:52','2024-01-12 11:07:27','2024-01-12 15:07:58'),(229,'collected','2350004',149,'tenor saxophone','Yamaha','YTS275/80','-','',1,120,80,'',0,0,'SAME DAY JOB service/reseat/regulate etc',1,4,'2024-01-25',0,0,0,0,NULL,NULL,NULL,'Regulate\nRe-seat\nTes',1,'2023-12-14 10:28:31','2024-01-18 10:04:20','2024-01-23 17:14:32'),(230,'collected','2350005',150,'b♭ clarinet','Buffet','E11F','b228046','',1,180,120,'',0,0,'CHANGE 7 PADS, REGULATE, OIL ETC',1,4,'2024-02-01',0,0,0,0,NULL,NULL,NULL,'Replace F/C, E/B, three ring key, inline Bb, A, F# ring, trill C and Alf F# pad\nFill up the crack on the bottom joint around F/C tone hole\nOil\nRegulate\nRe-seat\nTes',1,'2023-12-15 13:35:59','2024-02-01 10:06:17','2024-02-07 17:09:33'),(232,'open','2351001',120,'tenor saxophone','-','-','-','',1,240,160,'',0,0,'change 3 pads as needed, playing order - regulate etc,\nsupply/fit Eb guard, resolder C Guard etc...',1,4,'2024-02-17',0,0,0,0,NULL,NULL,NULL,'Waiting the the guard plate to arrive will fit it after it came\n\nJob done:\nReplace first octave pad and water key cork\nReplace foot cork if neede\nRe-solder the Low C guard plate\nOil\nRegulate \nRe-seat\nTest\n\n',0,'2023-12-19 13:46:59',NULL,NULL),(233,'collected','2351002',151,'alto saxophone','Yamaha','Alto','-','',1,120,80,'',0,0,'recork neck, clean pads, change Eb pad, regulate etc',1,4,'2024-01-27',0,0,0,0,NULL,NULL,NULL,'Replace Eb pad \nReplace neck cork\nRegulate\nre-seat\nTes',1,'2023-12-20 14:09:43','2024-01-27 09:12:29','2024-02-07 17:10:04'),(235,'collected','2351003',152,'alto saxophone','Selmer','MkVI','M82242','',1,120,80,'',0,0,'DO ON DAY regulate/reseat as needed',1,4,'2024-02-02',0,0,1,420,280,0,0,'Clean\nOil\nRegulate\nRe-seat\nTest\n\nThe High F thread only have one turn that grip may need to make a new screw late',1,'2023-12-20 15:02:52','2024-04-04 09:10:25','2024-04-04 16:50:42'),(236,'collected','2351004',153,'baritone saxophone','Yanagisawa','900','-','',1,420,280,'',0,0,'full clean, oil keywork etc..',1,4,'2024-02-24',0,0,0,0,NULL,NULL,NULL,'Clean\nOil\nReplace foot cork if needed\nRegulate\nRe-seat\nTes',1,'2023-12-21 12:53:23','2024-02-24 09:11:17','2024-02-28 12:38:35'),(237,'collected','2351005',117,'a clarinet','Buffet','E11','-','',1,60,40,'',0,0,'min change couple of pads, clean tenons',1,4,'2024-01-13',0,0,0,0,NULL,NULL,NULL,'please do as first job if possible - would like to collect in afternoon\n\nReplace F#/C# pad\nClean\nRegulate\nRe-seat\nTes',1,'2023-12-22 10:53:26','2024-01-12 15:18:46','2024-01-23 17:14:07'),(238,'collected','2401001',154,'flute','Yamaha','YFL211','248207P','',1,180,120,'',0,0,'6-7 pads as needed, regulate/reseat as needed, oil as needed.',1,4,'2024-02-03',0,0,0,0,NULL,NULL,NULL,'Replace D trill, D# and thumb Bb pad\nReplace head cork\nOil\nRegulate\nRe-seat\nTes',1,'2024-01-02 12:40:48','2024-02-02 16:54:48','2024-02-07 17:09:40'),(239,'collected','2401002',155,'flute','Miyazawa','PB202','99046','',1,480,320,'',0,0,'Repad and good clean!',1,4,'2024-02-10',0,0,0,0,NULL,NULL,NULL,'Re-pad',1,'2024-01-04 11:41:01','2024-02-21 10:19:39','2024-02-23 10:08:02'),(242,'complete','2401003',114,'alto saxophone','TJ','CLassic','D6642 ','',1,300,200,'',0,0,'do as needed for resale - have customer!',1,4,'2024-02-10',0,0,1,300,200,0,0,'JOB 240100',1,'2024-01-04 17:09:41','2024-04-27 08:08:39',NULL),(243,'collected','2401004',156,'b♭ clarinet','Buffet','E13','-','',1,240,160,'',0,0,'change 1 pad, check tenons, service/clean etc',1,4,'2024-02-10',0,0,1,240,160,0,0,'moved to April - new deadline of Sat 6 Ap\n\nPolish \nClean \nOil\nRegulate\nRe-seat\nTes',1,'2024-01-05 14:13:22','2024-04-04 16:27:42','2024-04-13 08:13:01'),(244,'collected','2401005',101,'baritone saxophone','tbc','tbc','tbc','',1,480,320,'',0,0,'as last time - rebooked after cancelling!',1,4,'2024-01-31',0,0,0,0,NULL,NULL,NULL,'Replace foot cork if needed\nClean \nOil\nRegulate\nRe-seat\nTes',1,'2024-01-05 17:34:12','2024-01-31 14:33:20','2024-02-07 17:09:45'),(245,'collected','2402001',157,'flute','Yamaha','YFL211','992470P','',1,300,200,'',0,0,'tenon fit/dents, couple of pads service etc',1,4,'2024-02-09',0,0,0,0,NULL,NULL,NULL,'Replace head cork \nRemove the dent form the body\nPolish\nClean \nOil\nRegulate\nRe-seat\nTes',1,'2024-01-09 12:51:01','2024-02-09 15:45:19','2024-02-15 11:17:27'),(246,'complete','2402002',158,'flute','Azumi','AZ3RE','L04329','',1,180,120,'',0,0,'service',1,4,'2024-02-09',0,0,0,0,NULL,NULL,NULL,NULL,1,'2024-01-09 14:05:18','2024-02-07 17:10:45',NULL),(248,'collected','2402003',159,'b♭ clarinet','B&H','Regent II','257801','',1,180,120,'',0,0,'7-8 pads, clean service etc as needed',1,4,'2024-02-17',0,0,0,0,NULL,NULL,NULL,'Replace Register, Trill C, A/D Ring, E/F#, Ab/Eb pads\nReplace bottom tenon cor\nClean\nOil\nRegulate\nRe-seat\nTest\n',1,'2024-01-10 15:16:31','2024-02-14 10:05:35','2024-02-15 11:17:33'),(249,'collected','2402004',160,'tenor saxophone','TJ','Classic II','-','',1,120,80,'',0,0,'previously seen - bell align, some pads poss changing etc..',1,4,'2024-02-09',0,0,0,0,NULL,NULL,NULL,'Clean pads\nRegulate\nRe-seat\nTes',1,'2024-01-10 15:29:13','2024-02-08 15:23:07','2024-02-09 11:01:05'),(251,'collected','2402006',114,'b♭ clarinet','buffet','E12F','-','',1,120,80,'',0,0,'(3) pads as needed, for resale, clean etc',1,4,'2024-02-10',0,0,0,0,NULL,NULL,NULL,NULL,1,'2024-01-11 12:11:44','2024-02-17 09:49:59','2024-02-17 09:50:01'),(253,'open','2402008',114,'other','Purple','repairer','1','',1,480,320,'',0,0,'PURPLE AWAY',1,4,'2024-02-20',0,0,0,0,NULL,NULL,NULL,NULL,0,'2024-01-11 12:18:57',NULL,NULL),(255,'collected','2402010',162,'b♭ clarinet','B&H','Regent','264181','',1,420,280,'',0,0,'repad plus - mites, spray case, clean/oil/wipeover etc...',1,4,'2024-02-29',0,0,0,0,NULL,NULL,NULL,NULL,1,'2024-01-13 11:36:57','2024-03-01 11:26:37','2024-03-20 15:11:35'),(256,'collected','2403001',163,'tenor saxophone','Yamaha','YTS32','020362 (?)','for CC sale asap',1,180,120,'one pad change - check for pad mites - clean for sale',0,0,'',1,4,'2024-02-02',0,0,0,0,NULL,NULL,NULL,NULL,1,'2024-01-16 13:45:31','2024-02-14 12:02:42','2024-02-15 11:17:01'),(257,'collected','2403002',27,'tenor saxophone','Keilworth','SX90R','130162','',1,600,400,'full service and polish',0,0,'',1,4,'2024-02-29',0,0,0,0,NULL,NULL,NULL,'Clean \nPolish\nOil\nRegulae\nRe-seat\nTest',1,'2024-01-16 14:16:15','2024-03-01 10:08:54','2024-03-20 15:11:42'),(260,'collected','2403005',165,'alto saxophone','Jupiter','JAS 769-767','A04445','',1,360,240,'Full service\n+ 6 pads\nPearl replace if possible',0,0,'',1,4,'2024-03-01',0,0,1,360,240,0,0,'Prebook\n\nReplace crook octave, High F, High Eb and Eb pad\nSupply and fit the F# pearl\nClean\nOil\nRegulate \nRe-seat\nTes\n',1,'2024-01-17 14:46:05','2024-03-02 08:51:30','2024-03-20 15:11:47'),(261,'collected','2403006',114,'alto saxophone','Yanagisawa','992','00279991','prep for sale (ours)',1,360,240,'6 pads? neck cork',0,0,'',1,4,'2024-03-08',0,0,0,0,NULL,NULL,NULL,'Replace High F, Side Bb, Side C, side F# and Eb\nReplace crook cork\nRemove the dent on the bell bo\nClean \nOil\nRegulate\nRe-seat\nTest',1,'2024-01-17 18:09:39','2024-03-08 13:17:45','2024-03-20 15:11:52'),(262,'collected','2403007',166,'flute','Pearl','505','159510','make as close to 100% as possible',1,240,160,'',0,0,'',1,4,'2024-02-23',0,0,1,300,200,0,0,'do what we can do - wipe over rather than clean\n\nReplace G# pad\nPolish\nClean\nOil\nRegulate\nRe-seat\nTes',1,'2024-01-18 16:47:13','2024-02-21 16:46:36','2024-02-22 17:25:35'),(263,'collected','2403008',167,'alto saxophone','Trevor James','Classic','?','service unseen - dropping off on Sat 2 March - have blocked out 4 hrs but will need more accurate quote when dropped',1,240,160,'',0,0,'',1,4,'2024-03-09',0,-120,1,120,80,0,0,'Issues around octave, general check-up\n\nRe-fit High D, Eb keys\nRegulate\nRe-seat\nTes',1,'2024-01-19 12:10:02','2024-03-05 16:55:13','2024-03-20 15:12:02'),(264,'collected','2403009',168,'b♭ clarinet','Buffet','E12F','1269118','2 hr service - crack in bell, trying to source replacement in advance',1,120,80,'',0,0,'',1,4,'2024-03-09',0,0,0,0,NULL,NULL,NULL,'Bell in workshop - with paperwork (£\n\nSupply and fit a new bell\nFit a new Ton Koolman thumb rest\nRegulate\nRe-seat\nTes\n',1,'2024-01-20 09:45:38','2024-03-14 12:06:20','2024-03-20 15:12:07'),(265,'collected','2403010',169,'alto saxophone','Yamaha','YAS275','248426','re-glue bell, pads as necessary (x7), neck cork',1,240,160,'pads, cork',0,70,'',1,4,'2024-03-08',0,0,0,0,NULL,NULL,NULL,'Replace Eb and High F pad\nReplace crook cork \nRe-glue the bell\nRemove the dent on the bell bow\nRegulate\nRe-seat\nTes\n',1,'2024-01-20 12:16:13','2024-03-08 10:15:17','2024-03-20 15:12:13'),(266,'collected','2404001',170,'piccolo','Rudal Carte','wooden','-','',1,300,200,'',0,0,'do what we can up to £200 (5 hours) ',1,4,'2024-03-16',0,-120,1,180,120,0,0,'Replace head cork\nOil\nRegulate\nRe-seat\nTes',1,'2024-01-23 13:21:37','2024-03-13 11:24:10','2024-03-20 15:12:18'),(267,'open','2404002',171,'flute','Buffet','Companion','x','service unseen - said will be done by Sat 15th of March but selected 29th before I\'d seen the diary! 4hrs selected as max estimate. suggest assessing when dropped off.',1,240,160,'',0,0,'',1,4,'2024-03-29',0,-30,0,0,NULL,NULL,NULL,NULL,0,'2024-01-23 16:33:15',NULL,NULL),(268,'collected','2404003',172,'piccolo','Birkhardt','Piccolo','-','',1,120,80,'',0,0,'UNSEEN - see what we can do in 2 hours!',1,4,'2024-02-09',0,0,0,0,NULL,NULL,NULL,'Oil\nRegulate\nRe-seat\nUnpin the left hand to clean the rod\nTes',1,'2024-01-24 11:06:15','2024-02-09 15:46:54','2024-02-10 10:02:59'),(270,'collected','2404005',174,'b♭ clarinet','Buffet','E11','458452','',1,120,80,'',0,0,'3 tenons, service',1,4,'2024-02-23',0,0,0,0,NULL,NULL,NULL,'Replace middle and bottom tenon cork\nOil\nRegulate\nRe-seat\nTes',1,'2024-01-26 13:16:06','2024-02-23 10:45:50','2024-02-28 12:38:42'),(271,'collected','2404006',174,'alto saxophone','Yamaha','YAS275','049315','',1,180,120,'',0,0,'reseat/regulate/service. upto 8 pads if needed, replace neck cork',1,4,'2024-02-23',0,0,0,0,NULL,NULL,NULL,'Replace G#, F#, F, E, D, Eb, Low C and Low C# pad\nReplace crook cork\nRegulate\nRe-seat\nRes',1,'2024-01-26 13:16:45','2024-02-23 10:45:19','2024-02-28 12:38:50'),(272,'collected','2404007',175,'tenor saxophone','Yamaha','YTS23','-','',1,720,480,'',0,0,'Up to repad - not seen quote on arrival',1,4,'2024-03-27',0,0,0,0,NULL,NULL,NULL,'Re-pad with Yamaha tenor pa',1,'2024-01-26 13:17:27','2024-03-23 11:40:16','2024-03-27 12:35:50'),(273,'collected','2405001',176,'tenor saxophone','Yanagisawa','T991','00306092','',1,360,240,'',0,0,'service, change 2-3 pads (top), regulate, oil adjust etc..',1,4,'2024-02-17',0,0,0,0,NULL,NULL,NULL,'Replace High F pad\nClean\nOil\nRegulate\nRe-seat\nTes',1,'2024-01-31 10:29:25','2024-02-14 17:47:29','2024-02-22 17:25:43'),(275,'collected','2405002',114,'other','Holiday','Holiday','-','',1,1440,960,'',0,0,'holiday blocking off time',1,4,'2024-04-30',0,0,0,0,NULL,NULL,NULL,NULL,1,'2024-02-01 14:28:43','2024-04-13 09:20:06','2024-04-13 09:20:35'),(276,'collected','2405003',114,'other','Holiday','Holiday','-','',1,1440,960,'',0,0,'',1,4,'2024-04-30',0,0,1,1110,740,0,0,NULL,1,'2024-02-01 14:29:44','2024-04-13 09:20:14','2024-04-13 09:20:41'),(277,'open','2405004',177,'alto saxophone','Buescher','Alto','212269','',1,900,600,'',0,0,'Repad',1,4,'2024-03-29',0,0,1,900,600,0,0,'to be finished early May',0,'2024-02-02 13:35:08',NULL,NULL),(278,'collected','2406001',178,'b♭ clarinet','buffet','R13','608516','',1,420,280,'seen, prebooked',0,0,'repad - leather please',1,4,'2024-03-22',0,0,0,0,NULL,NULL,NULL,'Re-pad white leathe',1,'2024-02-06 15:16:48','2024-03-21 10:27:04','2024-03-27 12:36:41'),(279,'collected','2406002',90,'tenor saxophone','TJ','SR','10256','',1,120,80,'',0,0,'reseat etc ',1,4,'2024-02-08',0,0,0,0,NULL,NULL,NULL,NULL,1,'2024-02-07 16:44:43','2024-02-08 15:23:18','2024-02-09 11:00:59'),(281,'collected','2406003',88,'alto saxophone','Yanagisawa','n/a','00130810','Will be dropped off by school porter',1,240,160,'',0,0,'Standard service estimated at between 2-4 hours (4 hours max please ). Instrument has not been assessed prior to service!',1,4,'2024-03-14',0,-180,1,60,40,0,0,'Minimum playing order\nReplace neck octave pa\nRegulate\nRe-seat\nTest\n\nIt need a repad c',1,'2024-02-08 12:12:57','2024-03-14 13:13:05','2024-03-20 15:12:33'),(282,'collected','2406004',179,'flute','Yamaha','YFL411','302936','',1,300,200,'',0,0,'reseat/regulate/replace pads as needed - estimate 4-5 hours, quoted £200 inc. materials, clean/strip-down as needed',1,4,'2024-03-22',0,0,0,0,NULL,NULL,NULL,'Replace C pad \nRe-fit both tenon\nPolish\nClean\nOil\nRegulate\nRe-seat\nTes',1,'2024-02-09 13:34:44','2024-03-21 10:27:46','2024-03-27 12:36:32'),(283,'collected','2406005',180,'oboe','Howarth','S20','F0504','',1,240,160,'',0,0,'oil/polish/clean/service',1,4,'2024-02-15',0,0,1,300,200,0,0,'Replace foot cork if needed\nPolish\nClean\nOil\nRegulate\nRe-seat\nTes',1,'2024-02-10 09:44:25','2024-02-14 10:24:30','2024-02-21 10:04:04'),(284,'collected','2407001',114,'soprano saxophone','Mauriat','Le Bravo 200','PM12121316','',1,60,40,'',0,0,'prep for resale - customer already paid',1,4,'2024-02-17',0,0,0,0,NULL,NULL,NULL,NULL,1,'2024-02-13 12:51:01','2024-02-17 09:49:45','2024-02-17 09:49:50'),(285,'collected','2407002',181,'alto saxophone','Yamaha','YAS25','022087','',1,180,120,'',0,0,'Service, change 8-10 pads as required, regulate, adjust etc..',1,4,'2024-03-06',0,-90,1,90,60,0,0,'Basally it need a re-pad, so change to do a minimum playing order instead\nRegulate\nRe-seat\nTes',1,'2024-02-14 12:14:34','2024-03-05 16:59:16','2024-03-20 15:12:40'),(286,'collected','2407003',182,'alto saxophone','Yanagisawa','AWO20','00346289','',1,420,280,'',0,0,'Clean/prep re-sale. change 7 pads as required etc',1,4,'2024-03-30',0,0,0,0,NULL,NULL,NULL,NULL,1,'2024-02-14 15:58:10','2024-03-22 15:51:25','2024-03-22 15:51:27'),(287,'open','2407004',114,'other','Bank Holiday','Bank Holiday ','-','',1,480,320,'',0,0,'',1,4,'2024-03-29',0,0,0,0,NULL,NULL,NULL,NULL,0,'2024-02-15 13:43:50',NULL,NULL),(288,'collected','2407005',183,'b♭ clarinet','Yamaha','YCLCSG','03288','',1,180,120,'',0,0,'clean and prep for resale - 2-3 hrs max, middle tenon',1,4,'2024-03-23',0,0,0,0,NULL,NULL,NULL,'Replace middle and bottom tenon cork\nWipe over\nClean \nOil\nRegulate\nRe-seat\nTes',1,'2024-02-16 13:44:48','2024-03-07 10:22:33','2024-03-20 15:12:44'),(289,'collected','2407006',183,'bass clarinet','Buffet','BC1180','B000709','',1,180,120,'',0,0,'2-3 hrs max prep for resale',1,4,'2024-03-23',0,0,1,180,120,0,0,'Replace neck tenon cork\nWipe over\nRegulate\nRe-seat\nTes',1,'2024-02-16 13:45:41','2024-03-16 08:39:14','2024-03-20 15:12:49'),(290,'open','2408001',184,'contrabass clarinet','Selmer','Contra Alto','M9541','',1,600,400,'',0,0,'Prep resale - approx 9-10 hours expected plus materials',1,4,'2024-05-04',0,0,0,0,NULL,NULL,NULL,NULL,0,'2024-02-21 10:25:59',NULL,NULL),(291,'open','2408002',185,'flute','Pearl','695','14585','',1,360,240,'',0,0,'Full service plus 5-6 pads',1,4,'2024-05-09',0,0,0,0,NULL,NULL,NULL,NULL,0,'2024-02-22 11:32:34',NULL,NULL),(295,'complete','2408005',187,'flute','Muramatsu','GXIII','95998','',1,300,200,'',0,0,'service, clean, esp Low C and F#',1,4,'2024-03-16',0,0,0,0,NULL,NULL,NULL,'Polish \nClean \nOil\nRe-fit both teno\nRegulate\nRe-seat\nTest',1,'2024-02-23 11:54:17','2024-03-14 11:18:18',NULL),(296,'open','2408006',187,'flute','Takumi','T-300S','20106','',1,600,400,'',0,0,'Full repad and deep clean!',1,4,'2024-05-25',0,0,0,0,NULL,NULL,NULL,NULL,0,'2024-02-23 11:55:55',NULL,NULL),(298,'collected','2408008',189,'alto saxophone','Yamaha','YAS275','-','',1,60,40,'',0,0,'2 pads',1,4,'2024-02-29',0,0,0,0,NULL,NULL,NULL,'Replace both octave pads\nSupply and fit Low B and Bb bumper\nReplace crook cork\negulate \nRe-seat\nTest',1,'2024-02-24 12:01:51','2024-02-29 12:00:12','2024-03-20 15:13:03'),(300,'collected','2408009',190,'tenor saxophone','Selmer','?','?','',1,120,80,'',0,0,'low C and high d? pads',1,4,'2024-02-28',0,0,0,0,NULL,NULL,NULL,NULL,1,'2024-02-24 12:03:30','2024-03-01 11:18:46','2024-03-01 11:18:47'),(301,'collected','2408010',191,'alto saxophone','TJ','alto','-','',1,60,40,'',0,0,'resolder, regulte/adjust',1,4,'2024-03-06',0,0,0,0,NULL,NULL,NULL,'Replace crook pad\nRe-solder the crook octave bridge\nRegulate\nRe-seat\nTes',1,'2024-02-24 12:32:39','2024-03-05 11:52:34','2024-03-20 15:13:08'),(302,'collected','2409001',192,'tenor saxophone','Conn Selmer','PTS380V','40922364','',1,360,240,'',0,0,'Service - clean, regulate, reseat etc',1,9,'2024-04-13',0,0,0,0,NULL,NULL,NULL,'2x pads changed - 9mm £2.90 and 22mm £6.10 (£9.00 materials',1,'2024-02-27 10:29:32','2024-04-13 08:12:45','2024-04-16 09:17:58'),(303,'complete','2409002',193,'oboe','Howarth','B','0584B','',1,300,200,'',0,0,'4-5hrs - clean oil etc prep for resale (CC)',1,4,'2024-05-18',0,0,0,0,NULL,NULL,NULL,NULL,1,'2024-02-27 10:31:20','2024-04-20 08:36:15',NULL),(304,'collected','2409003',194,'flute','Trevor James','10x','20257','',1,180,120,'',0,0,'2-3 hours, three pads (trill keys and thumb?), regulate etc\nfit head tenon',1,4,'2024-04-05',0,0,0,0,NULL,NULL,NULL,'Replace head cork\nRE-fi head joint tenon\nRegulate\nRe-seat\nTest',1,'2024-02-27 14:28:05','2024-03-30 09:03:23','2024-04-23 12:37:28'),(306,'collected','2409004',195,'alto saxophone','Yamaha','YAS275','048144','',1,180,120,'',0,0,'service, change high F#, regulate etc',1,4,'2024-03-06',0,-60,1,120,80,0,0,'Replace F# pad\nRegulate\nRe-seat\nTes',1,'2024-02-27 14:46:03','2024-03-05 16:57:18','2024-03-20 15:13:12'),(307,'open','2409005',98,'soprano saxophone','TBC','TBC','TBC','',1,360,240,'',0,0,'General service - QUOTE PROPERLY ON ARRIVAL The sax feels/ sounds \'clicking\' I think maybe one or 2 sponge bits might be missing so metal is clicking on metal. Possibly the high key pad needs replacing.\nIn general it\'s the lower octave that doesn\'t play as well, low G is hard to play.\nI\'ve got another mouthpiece and I\'ll clean pads with some power paper to see if it\'s any better in the meantime.',1,4,'2024-05-16',0,0,1,420,280,0,0,'UPDATE: 3rd may\nBringing in alto and tenor as well - do what we can within the day on all three! :',0,'2024-02-28 15:58:19',NULL,NULL),(310,'collected','2409008',197,'b♭ clarinet','Buffet','E13','K90845','',1,420,280,'',0,0,'REPAD - Buffet pads leather, plus top tenon cork',1,9,'2024-04-13',0,0,0,0,NULL,NULL,NULL,NULL,1,'2024-03-01 10:30:45','2024-04-12 15:17:58','2024-04-23 12:36:57'),(312,'open','2409010',114,'flute','Yamaha','S3','347482P','',1,240,160,'',0,0,'prep resale',1,4,'2024-03-28',0,0,0,0,NULL,NULL,NULL,'moved in diar',0,'2024-03-01 11:22:50',NULL,NULL),(313,'collected','2409011',114,'flute','Pearl','SS-98BRE','40-0526    ','',1,60,40,'',0,0,'Finish off for resale - customer waiting',1,4,'2024-03-23',0,0,1,300,200,0,0,'Replace C, Trill C, Trill C#, thumb Bb, Trill D#, B, G1, F#, D, D#, low C and low B pads\nReplace spud on the low C \nRegulate\nRe-seat\nTes',1,'2024-03-01 11:25:52','2024-03-15 15:44:13','2024-03-20 15:13:19'),(314,'open','2409012',114,'b♭ clarinet','Yamaha','YCL26','082038','',1,240,160,'',0,0,'4hrs max - resale. clean/regulate/adjust as needed, clean mp ',1,9,'2024-04-27',0,0,1,240,160,0,0,'8-9 pads as needed\nmoved to 12th June',0,'2024-03-01 11:34:45',NULL,NULL),(315,'open','2409013',114,'alto saxophone','Trevor James','Classic','D7699','',1,180,120,'',0,0,'Resale - 4 pads clean regulate etc..',1,4,'2024-05-04',0,0,0,0,NULL,NULL,NULL,NULL,0,'2024-03-01 12:08:50',NULL,NULL),(316,'open','2409014',114,'flute','Trevor James','Priviledge','208682','',1,300,200,'',0,0,'Resale - clean/service as needed',1,4,'2024-05-18',0,0,0,0,NULL,NULL,NULL,NULL,0,'2024-03-01 12:54:13',NULL,NULL),(317,'collected','2409015',198,'alto saxophone','Slade','alto sp','-','',1,180,120,'',0,0,'MINIMUM realign bell, change Eb and C pads, recork neck and clean receiver (greased), reseat/regulate as much as poss in time',1,9,'2024-04-06',0,0,0,0,NULL,NULL,NULL,'2 hrs min to improve\nchange 2 pad',1,'2024-03-01 17:15:01','2024-04-06 08:11:08','2024-04-06 08:11:20'),(318,'collected','2410001',199,'soprano saxophone','Selmer','SA80 III','N501695','',1,360,240,'',0,0,'5-6 hours, clean and prep for resale (commission) 3-4 pads as needed',1,4,'2024-05-31',0,0,0,0,NULL,NULL,NULL,'Replace High F, Eb and D\nClean\nOil\nRegulate\nRe-seat\nTes',1,'2024-03-05 15:56:42','2024-04-02 14:57:34','2024-04-04 16:50:51'),(319,'complete','2410002',199,'alto saxophone','Selmer','SA80 II','N425711','',1,360,240,'',0,0,'5-6 hours, prep and clean resale (commission) 3-4 pads as needed',1,4,'2024-05-31',0,0,1,360,240,0,0,'Replace both octave pads and High F pad\nReplace foot cork if needed\nOil\nClean\nRegulate\nRe-seat\nTes',1,'2024-03-05 15:58:02','2024-05-02 09:30:36',NULL),(320,'open','2410003',199,'tenor saxophone','Selmer','Mark VII','M284268','',1,780,520,'',0,0,'12-13 hours repad resale',1,4,'2024-05-31',0,0,0,0,NULL,NULL,NULL,NULL,0,'2024-03-05 15:59:50',NULL,NULL),(321,'open','2410004',199,'baritone saxophone','Sax Gourmet','Steve Goodson Model','111517','',1,420,280,'',0,0,'6-7 hrs - prep for resale',1,4,'2024-05-31',0,0,0,0,NULL,NULL,NULL,NULL,0,'2024-03-05 16:00:52',NULL,NULL),(322,'complete','2410005',200,'b♭ clarinet','Buffet','E13','K206015','',1,60,40,'',0,0,'Re-cork 3 tenons plus change C trill pad (leather)',1,9,'2024-04-25',0,0,0,0,NULL,NULL,NULL,'Coming in 10ish - same day pleas',1,'2024-03-07 14:45:35','2024-04-26 12:23:32',NULL),(323,'open','2410006',201,'alto saxophone','Keilwerth','SX90R','-','',1,420,280,'',0,0,'Full service, clean, oil etc... 4-5 pads as needed',1,4,'2024-05-18',0,0,0,0,NULL,NULL,NULL,NULL,0,'2024-03-07 15:46:59',NULL,NULL),(325,'collected','2411001',203,'flute','Yamaha','YFL312','na','service unseen',1,180,120,'',0,0,'mentioned repad but probably not necessary at this stage and would need longer',1,4,'2024-04-06',0,-60,1,120,80,0,0,'Wipe over\nClean\nOil\nRe-fit both tenon\nRegulate\nRe-seat\nTes',1,'2024-03-12 14:22:51','2024-04-04 15:15:20','2024-04-09 09:08:01'),(326,'open','2411002',204,'alto saxophone','Yanagisawa','AWO1','00410321','replacement keys',1,420,0,'cost covered by credit from B&M',0,0,'',1,4,'2024-05-30',0,0,0,0,NULL,NULL,NULL,NULL,0,'2024-03-13 09:36:59',NULL,NULL),(328,'collected','2411004',161,'baritone saxophone','Yamaha','YBS62','031641','',1,180,120,'resale\nas good as possible',0,0,'',1,4,'2024-03-22',0,0,0,0,NULL,NULL,NULL,NULL,1,'2024-03-13 12:29:53','2024-03-22 15:52:18','2024-04-04 16:51:01'),(329,'collected','2412001',205,'flute','Yamaha','YFL281S','014960','',1,240,160,'',0,0,'regulate/adjust/reseat etc - wipeover',1,9,'2024-04-26',0,0,0,0,NULL,NULL,NULL,NULL,1,'2024-03-19 14:08:35','2024-04-26 12:23:26','2024-04-30 11:57:15'),(330,'open','2412002',206,'b♭ clarinet','Buffet','E12F','1281029','',1,240,160,'',0,0,'strip down. clean and service for resale',1,4,'2024-05-25',0,0,0,0,NULL,NULL,NULL,NULL,0,'2024-03-20 12:53:24',NULL,NULL),(331,'collected','2412003',20,'alto saxophone','Selmer','Ref 54','.','',1,120,80,'',0,0,'prep resale, new neck cork?',1,4,'2024-03-30',0,0,0,0,NULL,NULL,NULL,'Replace High F pad\nReplace crook cor\nwipe over\nRegulate\nRe-seat\nTest',1,'2024-03-20 15:14:06','2024-03-21 10:08:03','2024-03-22 15:52:41'),(333,'collected','2412004',208,'flute','Yamaha','YFL212','K01705','',1,240,160,'',0,0,'UNSEEN - quote max allowed 4 hours plus materials',1,9,'2024-04-06',0,0,0,0,NULL,NULL,NULL,'Check the trill key screw - cus. said after screw it back it came out very easy, may need to change\nClean pad they are sticky\nFit both tenon\nQuote for changing 3-4 pads if needed, i think the Low C pad need to change\n\n',1,'2024-03-22 13:28:47','2024-04-06 08:10:40','2024-04-09 09:08:07'),(334,'collected','2413001',68,'flute','Azumi','AZ2RE','P00146','',1,240,160,'',0,0,'3-4 pads general service',1,4,'2024-04-03',0,0,0,0,NULL,NULL,NULL,'Replace F# and D pad\nPolish\nClean\nOil\nRegulate\nRe-seat\nTes',1,'2024-03-26 10:58:28','2024-03-28 13:20:35','2024-04-06 08:11:29'),(335,'open','2413002',210,'flute','Yamaha','YFL22S','0020047','',1,540,360,'Yamaha pads',0,0,'Repad - Yamaha pads please! Pre-paid',1,4,'2024-06-01',0,0,0,0,NULL,NULL,NULL,NULL,0,'2024-03-26 16:28:06',NULL,NULL),(336,'collected','2413003',94,'tenor saxophone','Selmer','SA80II ','N372744','',1,180,120,'',0,0,'straighten body, reseat pads, change 3-4 as needed, re-cork neck, service',1,4,'2024-04-04',0,0,0,0,NULL,NULL,NULL,'Straighten body\nReplace neck octave, Eb pad\nReplace neck cork\nRegulate\nRe-seat\nTes',1,'2024-03-27 10:43:40','2024-04-03 11:09:40','2024-04-04 16:51:14'),(337,'collected','2413004',61,'b♭ clarinet','Buffet','B12','1091278','',1,90,60,'',0,0,'minimum to improve - reseat etc..',1,9,'2024-04-20',0,0,0,0,NULL,NULL,NULL,'1hr plus 2 pads as quicker and cheaper to replace than reseat',1,'2024-03-28 15:04:26','2024-04-18 16:22:19','2024-04-23 12:37:08'),(339,'complete','2413006',212,'alto saxophone','TJ','Classic','D21909','',1,120,80,'',0,0,'Service - may need 2/3 pads, reseat/regulate etc..',1,4,'2024-04-27',0,0,0,0,NULL,NULL,NULL,NULL,1,'2024-03-28 16:52:54','2024-04-26 15:06:02',NULL),(340,'collected','2414001',213,'b♭ clarinet','Yamaha','YCL450','325354','',1,120,80,'',0,0,'4-5 pads, adjust etc as needed - 2hours allowed',1,9,'2024-04-18',0,0,0,0,NULL,NULL,NULL,NULL,1,'2024-04-02 12:09:15','2024-04-18 16:21:53','2024-04-23 12:37:13'),(341,'open','2414002',214,'bassoon','TBC','TBC','TBC','',1,180,120,'',0,0,'Purple previously seen - approx.. 3 hours service',1,4,'2024-08-10',0,0,0,0,NULL,NULL,NULL,'Prebooke',0,'2024-04-02 13:35:22',NULL,NULL),(343,'open','2414004',216,'flute','Miyazawa','PB102E','93139','',1,240,160,'',0,0,'Service/clean reseat/regulate - poss change up to 5 pads as needed',1,4,'2024-05-16',0,0,0,0,NULL,NULL,NULL,NULL,0,'2024-04-04 13:21:26',NULL,NULL),(344,'open','2414005',217,'b♭ clarinet','Buffet','Rc','f171534','',1,420,280,'',0,0,'Repad -0 check tenons - Buffet white leather pad set',1,4,'2024-06-08',0,0,0,0,NULL,NULL,NULL,NULL,0,'2024-04-05 10:21:41',NULL,NULL),(345,'open','2415001',218,'flute','Yamaha','YFL211','204273P','',1,300,200,'',0,0,'4-5hrs max - clean reseat/regulate oil etc..',1,9,'2024-04-26',0,300,0,0,NULL,NULL,NULL,NULL,0,'2024-04-11 09:55:54',NULL,NULL),(347,'open','2415003',114,'flute','Yamaha','YFL211S','099037','',1,240,160,'',0,0,'Prep resale - clean oil etc',1,4,'2024-05-19',0,0,0,0,NULL,NULL,NULL,NULL,0,'2024-04-11 13:32:38',NULL,NULL),(348,'open','2416001',220,'b♭ clarinet','Peter Eaton','International','TBC','',1,420,280,'',0,0,'Repad - as needed. UNSEEN',1,4,'2024-06-08',0,0,0,0,NULL,NULL,NULL,'PREBOOKED UNSEE',0,'2024-04-17 09:44:03',NULL,NULL),(349,'complete','2416002',221,'alto saxophone','Yamaha','Yas25','074693','',1,60,40,'',0,0,'resolder neck bracket',1,9,'2024-04-27',0,0,0,0,NULL,NULL,NULL,NULL,1,'2024-04-18 10:58:19','2024-04-26 12:23:42',NULL),(350,'open','2416003',222,'flute','Yamaha','YFL211','C14772','',1,300,200,'',0,0,'Service - strip down, clean, oil,. regulate. Reseat RH action in particular. (Jacob quote 19/04)',1,4,'2024-05-25',0,0,0,0,NULL,NULL,NULL,NULL,0,'2024-04-19 10:32:26',NULL,NULL),(351,'open','2417001',223,'bass clarinet','Vito','bass low Eb','0670D','',1,180,120,'',0,0,'Service for resale - oil/clean as needed Jake quoted 25/04',1,4,'2024-06-05',0,0,0,0,NULL,NULL,NULL,NULL,0,'2024-04-25 15:15:42',NULL,NULL),(352,'open','2417002',224,'oboe','Buffet','Artist/4121','5111','',1,240,160,'',0,0,'Service for CC sale. do what is needed - clean/regulate/reseat/replace pads as needed, clean keywork as much as possible',1,4,'2024-06-08',0,0,0,0,NULL,NULL,NULL,NULL,0,'2024-04-26 11:25:04',NULL,NULL),(353,'open','2417003',225,'flute','Yamaha','YFL211','754962P','',1,60,40,'',0,0,'regulate. replace trill bumper, check head cork - school service',1,4,'2024-06-01',0,0,1,60,40,0,0,'not trill bumper - G# felt missin',0,'2024-04-27 07:54:37',NULL,NULL),(354,'open','2417004',225,'flute','Yamaha','YFL211','755060','',1,120,80,'',0,0,'Clean pads, regulate - notify if pads need changing\nSchool service',1,4,'2024-06-01',0,0,0,0,NULL,NULL,NULL,NULL,0,'2024-04-27 07:55:32',NULL,NULL),(355,'open','2417005',225,'flute','Resona','flute','108031182','',1,120,80,'',0,0,'MAX 2hrs - regulate, trill bumper, headcork school service',1,4,'2024-06-01',0,0,0,0,NULL,NULL,NULL,NULL,0,'2024-04-27 07:56:38',NULL,NULL),(356,'open','2418001',226,'b♭ clarinet','Leblanc','Sonata','D47180','',1,420,280,'',0,0,'Repad -leather',1,4,'2024-06-08',0,0,0,0,NULL,NULL,NULL,NULL,0,'2024-05-03 10:00:11',NULL,NULL),(357,'open','2418002',227,'soprano saxophone','Selmer','S80 II','N447053','',1,300,200,'',0,0,'Clean/Prep for resale - CC sale',1,4,'2024-06-12',0,0,0,0,NULL,NULL,NULL,NULL,0,'2024-05-03 10:01:33',NULL,NULL),(358,'open','2418003',228,'alto saxophone','Yahama','YAS 62','072916','',1,120,80,'',0,0,'Re-seat\nRegulate\nReplace up to 3 pads',1,4,'2024-05-31',0,0,0,0,NULL,NULL,NULL,NULL,0,'2024-05-03 11:24:10',NULL,NULL),(359,'open','2418004',229,'alto saxophone','Yamah','YAS280','Q64391','',1,240,160,'',0,0,'Accident damage - C/Eb pads/cup etc.. Check G# and bell - checkover etc...',1,4,'2024-06-01',0,0,0,0,NULL,NULL,NULL,NULL,0,'2024-05-04 09:27:26',NULL,NULL);
/*!40000 ALTER TABLE `repairs` ENABLE KEYS */;
UNLOCK TABLES;
/*!40103 SET TIME_ZONE=@OLD_TIME_ZONE */;

/*!40101 SET SQL_MODE=@OLD_SQL_MODE */;
/*!40014 SET FOREIGN_KEY_CHECKS=@OLD_FOREIGN_KEY_CHECKS */;
/*!40014 SET UNIQUE_CHECKS=@OLD_UNIQUE_CHECKS */;
/*!40101 SET CHARACTER_SET_CLIENT=@OLD_CHARACTER_SET_CLIENT */;
/*!40101 SET CHARACTER_SET_RESULTS=@OLD_CHARACTER_SET_RESULTS */;
/*!40101 SET COLLATION_CONNECTION=@OLD_COLLATION_CONNECTION */;
/*!40111 SET SQL_NOTES=@OLD_SQL_NOTES */;

-- Dump completed on 2024-05-05 17:57:34
